private_interest_id,company_id_openpolis,company_id_transparency,person_id_openpolis,person_id_transparency,company_name,company_vat,company_type,company_headquarter_address,company_headquarter_municipality,company_headquarter_province,company_sector_description,company_transparency_sector,company_turnover_range,company_employees_range,person_company_role,person_company_role_starting_date,person_company_share_%
PI00275,96525,CO00194,494197,PE00910,AL BENVENUTO DI TONDO RENZO E C. S.A.S.,,Società in accomandita semplice,"Via Grialba, 9",Tolmezzo,UD,Alberghi,Turismo e ristorazione,Dato non disponibile,Da 11 a 50,Socio accomandatario,08/02/1989,
PI00305,,CO00215,Todde Alessandra,PE00905,FIS ENERGY SOLUTIONS (ITALIA) S.R.L.,06827550960,Società a responsabilità limitata,"Via Amedei, 15",Milano,MI,Servizi di consulenza nel settore delle tecnologie dell'informatica,Informatica,Dato non disponibile,Da 11 a 50,Procuratore speciale,13/03/2015,
PI00304,,CO00214,Todde Alessandra,PE00905,OLIDATA S.P.A.,01785490408,Società per azioni,"Via Fossalta, 3055",Cesena,FO,Commercio all'ingrosso di elaboratori elettronici e di apparecchiature similari e complementari,Distribuzione,Dato non disponibile,Da 11 a 50,Consigliere,13/04/2018,
PI00036,96290,CO00030,819614,PE00733,RACCORDERIA PIACENTINA DI PISANI PIETRO & C. S.N.C.,,Società in nome collettivo,"Via Matera, 24",Rottofreno,PC,Lavori di meccanica generale,Meccanica,Dato non disponibile,Da 11 a 50,Amministratore,23/05/1979,
PI00143,96391,CO00105,819204,PE00187,SOCIETA' AGRICOLA F.LLI CASSESE S.S.,,Società semplice,"Via Achille Grandi, 11",Grottaglie,TA,Coltivazioni agricole associate all'allevamento di animali: attività mista,Agroalimentare,Dato non disponibile,Da 11 a 50,Socio,20/03/2018,
PI00030,89966,CO00024,819521,PE00795,SOCIETA' PER AMMINISTRAZIONI FIDUCIARIE SPAFID SOCIETA' PER AZIONI,,Società per azioni,"Via Filodrammatici, 10",Milano,MI,Attività delle società fiduciarie di amministrazione,Finanziario,Dato non disponibile,Da 11 a 50,Consigliere,19/10/2009,
PI00131,96381,CO00097,819562,PE00986,ZUCCONI RICCARDO,,Impresa individuale non agricola,"Viale Guglielmo Marconi, 62",Viareggio,LU,Commercio al dettaglio di generi di monopolio (tabaccherie),Distribuzione,Dato non disponibile,Da 11 a 50,Titolare,24/09/1997,
PI00265,96517,CO00187,822245,PE00822,BINGO OSTIA - SOCIETA' A RESPONSABILITA' LIMITATA,,Società a responsabilità limitata,"Via Giustino Fortunato, 54",Belvedere Marittimo,CS,Altre attività connesse con le lotterie e le scommesse,Lotterie e scommesse,Minore o uguale a 250.000 euro,Da 11 a 50,Azionista,,1.0
PI00194,96439,CO00136,496395,PE00902,EGIDA - SOCIETA' COOPERATIVA SOCIALE,,Società cooperativa diversa,"Via Alessandro Manzoni, 1",Vercelli,VC,Servizi di vigilanza privata,Sicurezza,Minore o uguale a 250.000 euro,Da 11 a 50,Consigliere,18/04/2018,
PI00071,96322,CO00057,819316,PE00844,H14 S.P.A.,,Società per azioni,"Via Fatebenefratelli, 5",Milano,MI,Attività delle holding impegnate nelle attività gestionali (holding operative),Finanziario,Minore o uguale a 250.000 euro,Da 11 a 50,Sindaco effettivo,29/04/2019,
PI00137,96388,CO00102,819594,PE00579,M&M ZENTRUM GROUP S.R.L.,,Società a responsabilità limitata,"Lungomare Papa Giovanni XXIII, 22",Pescara,PE,Commercio all'ingrosso e al dettaglio di autovetture e di autoveicoli leggeri,Distribuzione,Minore o uguale a 250.000 euro,Da 11 a 50,Azionista,,5.0
PI00058,96312,CO00047,822351,PE00160,QUARANTUNO GESTIONI IMMOBILIARI S.R.L.,,Società a responsabilità limitata,"Via Benvenuto Cellini, 32",Portici,NA,Compravendita di beni immobili effettuata su beni propri,Distribuzione,Minore o uguale a 250.000 euro,Da 11 a 50,Amministratore unico,18/01/2006,
PI00059,96312,CO00047,822351,PE00160,QUARANTUNO GESTIONI IMMOBILIARI S.R.L.,,Società a responsabilità limitata,"Via Benvenuto Cellini, 32",Portici,NA,Compravendita di beni immobili effettuata su beni propri,Distribuzione,Minore o uguale a 250.000 euro,Da 11 a 50,Azionista,,50.0
PI00040,96293,CO00033,496869,PE00390,SECOLO D'ITALIA S.R.L.,,Società a responsabilità limitata con un unico socio,"Via Della Scrofa, 39",Roma,RM,Edizione di quotidiani,Editoria,Minore o uguale a 250.000 euro,Da 11 a 50,Azionista,,100.0
PI00097,96350,CO00076,644832,PE00786,EDILE S.P.A.,,Società per azioni,"Piazza Generale Armando Diaz, 1",Milano,MI,Costruzione di edifici residenziali e non residenziali,Edlizia,Tra 10.000.000 e 50.000.000 euro,Da 11 a 50,Consigliere,21/12/2018,
PI00098,96350,CO00076,644832,PE00786,EDILE S.P.A.,,Società per azioni,"Piazza Generale Armando Diaz, 1",Milano,MI,Costruzione di edifici residenziali e non residenziali,Edlizia,Tra 10.000.000 e 50.000.000 euro,Da 11 a 50,Presidente del consiglio di amministrazione,13/02/2019,
PI00041,96297,CO00034,819597,PE00206,ESAUTOMOTION S.P.A.,,Società per azioni,"Via Della Meccanica, 23/1",Carpi,MO,"Installazione di strumenti ed apparecchi di misurazione, controllo, prova, navigazione e simili (incluse le apparecchiature di controllo dei processi industriali)",Elettronica,Tra 10.000.000 e 50.000.000 euro,Da 11 a 50,Consigliere,28/06/2018,
PI00096,96348,CO00075,819616,PE00373,GESTIONI BENACENSI S.P.A.,,Società per azioni,"Via Fossalta, 42",Lazise,VR,Aree di campeggio e aree attrezzate per camper e roulotte,Turismo e ristorazione,Tra 10.000.000 e 50.000.000 euro,Da 11 a 50,Amministratore unico,16/11/2016,
PI00070,96321,CO00056,819316,PE00844,IMMOBILIARE IDRA S.P.A.,,Società per azioni,"Residenza Parco, SNC",Segrate,MI,Locazione immobiliare di beni propri o in leasing (affitto),Immobiliare,Tra 10.000.000 e 50.000.000 euro,Da 11 a 50,Consigliere,28/04/2004,
PI00054,96308,CO00044,818990,PE00719,"RENZO PIANO BUILDING WORKSHOP - S.R.L. SIGLABILE ""R.P.B.W. - S.R.L.""",,Società a responsabilità limitata con un unico socio,"Via Pietro Paolo Rubens, 29",Genova,GE,Attività degli studi di architettura,Immobiliare,Tra 10.000.000 e 50.000.000 euro,Da 11 a 50,Consigliere,09/01/2012,
PI00243,96480,CO00171,819524,PE00180,A.S. PISTOIA BASKET 2000 S.R.L.,,Società a responsabilità limitata,"Via Enrico Fermi, 100",Pistoia,PT,Attività di club sportivi,Sport,Tra 2.000.000 e 10.000.000 euro,Da 11 a 50,Consigliere,26/10/2006,
PI00244,96480,CO00171,819524,PE00180,A.S. PISTOIA BASKET 2000 S.R.L.,,Società a responsabilità limitata,"Via Enrico Fermi, 100",Pistoia,PT,Attività di club sportivi,Sport,Tra 2.000.000 e 10.000.000 euro,Da 11 a 50,Azionista,,2.0
PI00186,96425,CO00129,819473,PE00177,BIOCHIM S.R.L.,,Società a responsabilità limitata,"Via Roberto Sarfatti, 3",Milano,MI,Fabbricazione di prodotti chimici nca,Chimico,Tra 2.000.000 e 10.000.000 euro,Da 11 a 50,Azionista,,23.67
PI00211,96456,CO00147,819059,PE00237,C.M.V.-COSTRUZIONI MECCANICHE VALENTINI S.P.A.,,Società per azioni,"Via Nazionale, 28",Sella Giudicarie,TN,Fabbricazione di macchine per la metallurgia (incluse parti e accessori),Metallurgia,Tra 2.000.000 e 10.000.000 euro,Da 11 a 50,Sindaco supplente,14/06/2012,
PI00172,96412,CO00119,818987,PE00797,EURO SERVICE GROUP S.P.A. IN SIGLA ESG S.P.A.,,Società per azioni,"Via Francesco Gentile, 135",Roma,RM,Altre intermediazioni finanziarie nca,Finanziario,Tra 2.000.000 e 10.000.000 euro,Da 11 a 50,Azionista,,20.0
PI00277,96528,CO00196,495279,PE00857,FEDERCALCIO SERVIZI - SOCIETA' A RESPONSABILITA' LIMITATA,,Società a responsabilità limitata,"Via Campania, 47",Roma,RM,Locazione immobiliare di beni propri o in leasing (affitto),Immobiliare,Tra 2.000.000 e 10.000.000 euro,Da 11 a 50,Consigliere,08/11/2018,
PI00278,96528,CO00196,495279,PE00857,FEDERCALCIO SERVIZI - SOCIETA' A RESPONSABILITA' LIMITATA,,Società a responsabilità limitata,"Via Campania, 47",Roma,RM,Locazione immobiliare di beni propri o in leasing (affitto),Immobiliare,Tra 2.000.000 e 10.000.000 euro,Da 11 a 50,Presidente del consiglio di amministrazione,08/11/2018,
PI00068,96320,CO00055,819222,PE00157,"FINANZIARIA D'INVESTIMENTO FININVEST S.P.A. O, IN FORMA ABBREVIATA ""FININVEST S.P.A.""",,Società per azioni,"Largo Del Nazareno, 8",Roma,RM,Attività delle holding impegnate nelle attività gestionali (holding operative),Finanziario,Tra 2.000.000 e 10.000.000 euro,Da 11 a 50,Consigliere,12/05/2003,
PI00069,96320,CO00055,819316,PE00844,"FINANZIARIA D'INVESTIMENTO FININVEST S.P.A. O, IN FORMA ABBREVIATA ""FININVEST S.P.A.""",,Società per azioni,"Largo Del Nazareno, 8",Roma,RM,Attività delle holding impegnate nelle attività gestionali (holding operative),Finanziario,Tra 2.000.000 e 10.000.000 euro,Da 11 a 50,Consigliere,04/10/2005,
PI00221,96464,CO00155,819232,PE00412,"FININVEST REAL ESTATE & SERVICES S.P.A. O, IN FORMA ABBREVIATA, FININVEST RES S.P.A.",,Società per azioni,"Via Pietro Paleocapa, 3",Milano,MI,Locazione immobiliare di beni propri o in leasing (affitto),Immobiliare,Tra 2.000.000 e 10.000.000 euro,Da 11 a 50,Consigliere,28/04/2017,
PI00222,96464,CO00155,819232,PE00412,"FININVEST REAL ESTATE & SERVICES S.P.A. O, IN FORMA ABBREVIATA, FININVEST RES S.P.A.",,Società per azioni,"Via Pietro Paleocapa, 3",Milano,MI,Locazione immobiliare di beni propri o in leasing (affitto),Immobiliare,Tra 2.000.000 e 10.000.000 euro,Da 11 a 50,Presidente del consiglio di amministrazione,28/04/2017,
PI00264,96516,CO00186,822245,PE00822,FORTALEZA - SOCIETA' A RESPONSABILITA' LIMITATA,,Società a responsabilità limitata,"Via Salaria, 35/37",Roma,RM,Altre attività connesse con le lotterie e le scommesse,Lotterie e scommesse,Tra 2.000.000 e 10.000.000 euro,Da 11 a 50,Azionista,,30.0
PI00279,96529,CO00197,541252,PE00154,G. CANDIANI - S.R.L.,,Società a responsabilità limitata,"Via Monte San Michele, 82, 21049",Tradate,VA,Fabbricazione di imballaggi in materie plastiche,Manifatturiero,Tra 2.000.000 e 10.000.000 euro,Da 11 a 50,Azionista,,5.0
PI00062,96315,CO00050,819320,PE00564,IL CIOCCO S.P.A.,,Società per azioni,0 - Castelvecchio Pascoli,Barga,LU,Sviluppo di progetti immobiliari senza costruzione,Immobiliare,Tra 2.000.000 e 10.000.000 euro,Da 11 a 50,Consigliere,20/12/2012,
PI00291,96548,CO00203,822312,PE00223,IMMSI S.P.A.,,Società per azioni,"Piazza Vilfredo Pareto, 3",Mantova,MN,Attività delle holding impegnate nelle attività gestionali (holding operative),Finanziario,Tra 2.000.000 e 10.000.000 euro,Da 11 a 50,Consigliere,31/01/2003,
PI00135,96385,CO00100,822259,PE00624,MORETTO CAR SERVICE S.R.L.,,Società a responsabilità limitata,"Via Mocenigo, 21",Portogruaro,VE,Manutenzione e riparazione di autoveicoli,Meccanica,Tra 2.000.000 e 10.000.000 euro,Da 11 a 50,Azionista,,60.0
PI00231,96472,CO00163,494879,PE00641,NOVARA LAGHI S.R.L.,,Società a responsabilità limitata,"Corso Vercelli, 2/I",Novara,NO,Agenti di assicurazioni,Finanziario,Tra 2.000.000 e 10.000.000 euro,Da 11 a 50,Consigliere,11/11/2013,
PI00232,96472,CO00163,494879,PE00641,NOVARA LAGHI S.R.L.,,Società a responsabilità limitata,"Corso Vercelli, 2/I",Novara,NO,Agenti di assicurazioni,Finanziario,Tra 2.000.000 e 10.000.000 euro,Da 11 a 50,Presidente del consiglio di amministrazione,05/02/2015,
PI00233,96472,CO00163,494879,PE00641,NOVARA LAGHI S.R.L.,,Società a responsabilità limitata,"Corso Vercelli, 2/I",Novara,NO,Agenti di assicurazioni,Finanziario,Tra 2.000.000 e 10.000.000 euro,Da 11 a 50,Azionista,,26.0
PI00101,96356,CO00079,822226,PE00438,NOVELLA CONSERVE ALIMENTARI S.R.L.,,Società a responsabilità limitata,"Via Alessandro Volta, 115",Badia Polesine,RO,Lavorazione e conservazione di frutta e di ortaggi (esclusi i succhi di frutta e di ortaggi),Agroalimentare,Tra 2.000.000 e 10.000.000 euro,Da 11 a 50,Consigliere,17/04/2012,
PI00102,96356,CO00079,822226,PE00438,NOVELLA CONSERVE ALIMENTARI S.R.L.,,Società a responsabilità limitata,"Via Alessandro Volta, 115",Badia Polesine,RO,Lavorazione e conservazione di frutta e di ortaggi (esclusi i succhi di frutta e di ortaggi),Agroalimentare,Tra 2.000.000 e 10.000.000 euro,Da 11 a 50,Presidente del consiglio di amministrazione,17/04/2012,
PI00103,96356,CO00079,822226,PE00438,NOVELLA CONSERVE ALIMENTARI S.R.L.,,Società a responsabilità limitata,"Via Alessandro Volta, 115",Badia Polesine,RO,Lavorazione e conservazione di frutta e di ortaggi (esclusi i succhi di frutta e di ortaggi),Agroalimentare,Tra 2.000.000 e 10.000.000 euro,Da 11 a 50,Azionista,,20.0
PI00004,6456,CO00004,819329,PE00800,PARCO SCIENTIFICO TECNOLOGICO PER L'AMBIENTE - ENVIRONMENT PARK TORINO S.P.A. IN VERSIONE ABBREVIATA ENVIRONMENT PARK S.P.A.,,Società per azioni,"Galleria San Federico, 54",Torino,TO,Ricerca e sviluppo sperimentale nel campo delle altre scienze naturali e dell'ingegneria,Ricerca e sviluppo,Tra 2.000.000 e 10.000.000 euro,Da 11 a 50,Consigliere,27/12/2017,
PI00253,96497,CO00179,494583,PE00725,PELLEREI ENERGIA SOCIETA' AGRICOLA S.R.L.,,Società a responsabilità limitata,"Via Spolina, 83",Cossato,BI,Produzione di energia elettrica,Energia,Tra 2.000.000 e 10.000.000 euro,Da 11 a 50,Sindaco effettivo,21/12/2017,
PI00043,96299,CO00036,536663,PE00381,SANT'ANTONIO SOCIETA' PER AZIONI,,Società per azioni,"Giampietro Chironi, 3",Cagliari,CA,Servizi ospedalieri,Sanità,Tra 2.000.000 e 10.000.000 euro,Da 11 a 50,Consigliere,14/02/2003,
PI00044,96299,CO00036,536663,PE00381,SANT'ANTONIO SOCIETA' PER AZIONI,,Società per azioni,"Giampietro Chironi, 3",Cagliari,CA,Servizi ospedalieri,Sanità,Tra 2.000.000 e 10.000.000 euro,Da 11 a 50,Presidente del consiglio di amministrazione,26/07/2017,
PI00045,96299,CO00036,536663,PE00381,SANT'ANTONIO SOCIETA' PER AZIONI,,Società per azioni,"Giampietro Chironi, 3",Cagliari,CA,Servizi ospedalieri,Sanità,Tra 2.000.000 e 10.000.000 euro,Da 11 a 50,Azionista,,22.0
PI00184,96422,CO00127,646831,PE00880,SUPERMERCATI SAN VALENTINO S.R.L.,,Società a responsabilità limitata,"Via Antonio Lora, 9/11",Trissino,VI,Sviluppo di progetti immobiliari senza costruzione,Immobiliare,Tra 2.000.000 e 10.000.000 euro,Da 11 a 50,Consigliere,10/05/2019,
PI00282,96544,CO00199,498501,PE00411,TICINO PLAST S.R.L.,,Società a responsabilità limitata,"Via Paolo Camillo Marliani, 5",Busto Arsizio,VA,"Fabbricazione di stampi, portastampi, sagome, forme per macchine",Manifatturiero,Tra 2.000.000 e 10.000.000 euro,Da 11 a 50,Consigliere,24/10/2008,
PI00283,96544,CO00199,498501,PE00411,TICINO PLAST S.R.L.,,Società a responsabilità limitata,"Via Paolo Camillo Marliani, 5",Busto Arsizio,VA,"Fabbricazione di stampi, portastampi, sagome, forme per macchine",Manifatturiero,Tra 2.000.000 e 10.000.000 euro,Da 11 a 50,Azionista,,50.0
PI00148,96395,CO00108,494826,PE00304,ATENA IMPRESA SOCIALE S.R.L.,,Società a responsabilità limitata,"Via Andrea Appiani, 1",Monza,MB,Istruzione secondaria di secondo grado di formazione generale: licei,Educazione,Tra 250.000 e 2.000.000 euro,Da 11 a 50,Consigliere,07/07/2015,
PI00149,96395,CO00108,494826,PE00304,ATENA IMPRESA SOCIALE S.R.L.,,Società a responsabilità limitata,"Via Andrea Appiani, 1",Monza,MB,Istruzione secondaria di secondo grado di formazione generale: licei,Educazione,Tra 250.000 e 2.000.000 euro,Da 11 a 50,Presidente del consiglio di amministrazione,07/07/2015,
PI00150,96395,CO00108,494826,PE00304,ATENA IMPRESA SOCIALE S.R.L.,,Società a responsabilità limitata,"Via Andrea Appiani, 1",Monza,MB,Istruzione secondaria di secondo grado di formazione generale: licei,Educazione,Tra 250.000 e 2.000.000 euro,Da 11 a 50,Azionista,,50.0
PI00251,96495,CO00177,494583,PE00725,E.D.A. S.R.L. SOCIETA' TRA PROFESSIONISTI,,Società a responsabilità limitata,"Via Giovanni Battista Botalla, 3",Biella,BI,Elaborazione elettronica di dati contabili (esclusi i Centri di assistenza fiscale - Caf),Informatica,Tra 250.000 e 2.000.000 euro,Da 11 a 50,Azionista,,5.0
PI00001,1670,CO00001,549300,PE00770,EXPLORA S.C.P.A.,,Società consortile,"Via Fabio Filzi, 22",Milano,MI,Pubbliche relazioni e comunicazione,Comunicazione,Tra 250.000 e 2.000.000 euro,Da 11 a 50,Sindaco effettivo,09/05/2016,
PI00024,83686,CO00019,603942,PE00832,F.LLI SAVIANE DI POMPEO SRL,,Società a responsabilità limitata,"Viale Alpago, 169",Alpago,BL,Taglio e piallatura del legno,Manifatturiero,Tra 250.000 e 2.000.000 euro,Da 11 a 50,Azionista,,7.33
PI00246,96482,CO00173,822179,PE00446,FULL RESIDENCE S.R.L.,,Società a responsabilità limitata,"Via Carlo Viola, 71/D",Pont-Saint-Martin,AO,Ristorazione con somministrazione,Turismo e ristorazione,Tra 250.000 e 2.000.000 euro,Da 11 a 50,Azionista,,20.0
PI00293,96551,CO00205,494954,PE00203,GHE SEM S.R.L.,,Società a responsabilità limitata,"Via Vincenzo Monti, 26",Milano,MI,Ristorazione con somministrazione,Turismo e ristorazione,Tra 250.000 e 2.000.000 euro,Da 11 a 50,Azionista,,10.0
PI00242,96479,CO00170,819524,PE00180,HOTEL RESIDENCE ESPLANADE S.R.L.,,Società a responsabilità limitata,"Ri Ripa Castel Traetti, 1",Pistoia,PT,Alberghi,Turismo e ristorazione,Tra 250.000 e 2.000.000 euro,Da 11 a 50,Azionista,,2.78
PI00074,96326,CO00059,822251,PE00706,HYA SRL,,Società a responsabilità limitata,"Via Giuseppe Mazzini, 150",Agrigento,AG,Altre attività postali e di corriere senza obbligo di servizio universale,Trasporto,Tra 250.000 e 2.000.000 euro,Da 11 a 50,Azionista,,19.0
PI00292,96550,CO00204,822193,PE00702,IL GUFO SOCIETA' COOPERATIVA,,Società cooperativa diversa,"Via Principe Di Granatelli, 30",Palermo,PA,Ristorazione con somministrazione,Turismo e ristorazione,Tra 250.000 e 2.000.000 euro,Da 11 a 50,Consigliere,30/04/1998,
PI00228,96469,CO00160,819575,PE00139,IL MAESTRALE COOPERATIVA SOCIALE ONLUS,,Società cooperativa diversa,"Via Luigi Dottesio, 8",Como,CO,Assistenza sociale non residenziale per anziani e disabili,Sanità,Tra 250.000 e 2.000.000 euro,Da 11 a 50,Vice Presidente del consiglio di amministrazione,29/04/2016,
PI00195,96440,CO00137,501176,PE00917,LA CAMPANA S.R.L.,,Società a responsabilità limitata,"Vicolo Della Campana, 18",Roma,RM,Ristorazione con somministrazione,Turismo e ristorazione,Tra 250.000 e 2.000.000 euro,Da 11 a 50,Azionista,,37.5
PI00120,96375,CO00091,764425,PE00907,LEGATORIA TOFFANIN S.R.L.,,Società a responsabilità limitata,"Viale Della Regione Veneto, 12",Padova,PD,Legatoria e servizi connessi,Editoria,Tra 250.000 e 2.000.000 euro,Da 11 a 50,Consigliere,15/12/2008,
PI00121,96375,CO00091,764425,PE00907,LEGATORIA TOFFANIN S.R.L.,,Società a responsabilità limitata,"Viale Della Regione Veneto, 12",Padova,PD,Legatoria e servizi connessi,Editoria,Tra 250.000 e 2.000.000 euro,Da 11 a 50,Azionista,,25.0
PI00173,96413,CO00120,498977,PE00510,NOVA VERDE SRL,,Società a responsabilità limitata,"Via Romanzani, 20",Novara,NO,"Cura e manutenzione del paesaggio (inclusi parchi, giardini e aiuole)",Altro,Tra 250.000 e 2.000.000 euro,Da 11 a 50,Azionista,,50.0
PI00218,96462,CO00153,819540,PE00143,POTENZA CALCIO S.R.L.,,Società a responsabilità limitata,"Via Nazario Sauro, 124",Potenza,PZ,Attività di club sportivi,Sport,Tra 250.000 e 2.000.000 euro,Da 11 a 50,Azionista,,80.0
PI00174,96414,CO00121,501741,PE00698,RAMMENDATURA DI VALDENGO S.R.L.,,Società a responsabilità limitata,"Via Liberta', 41",Valdengo,BI,"Finissaggio dei tessili, degli articoli di vestiario e attività similari",Moda,Tra 250.000 e 2.000.000 euro,Da 11 a 50,Amministratore unico,26/09/2011,
PI00175,96414,CO00121,501741,PE00698,RAMMENDATURA DI VALDENGO S.R.L.,,Società a responsabilità limitata,"Via Liberta', 41",Valdengo,BI,"Finissaggio dei tessili, degli articoli di vestiario e attività similari",Moda,Tra 250.000 e 2.000.000 euro,Da 11 a 50,Azionista,,93.0
PI00176,96415,CO00122,501741,PE00698,RAMMENDATURA R.P.S.R.L.,,Società a responsabilità limitata,"Via Eroi D'Africa, 52",Valdengo,BI,"Finissaggio dei tessili, degli articoli di vestiario e attività similari",Moda,Tra 250.000 e 2.000.000 euro,Da 11 a 50,Amministratore unico,27/09/2004,
PI00177,96415,CO00122,501741,PE00698,RAMMENDATURA R.P.S.R.L.,,Società a responsabilità limitata,"Via Eroi D'Africa, 52",Valdengo,BI,"Finissaggio dei tessili, degli articoli di vestiario e attività similari",Moda,Tra 250.000 e 2.000.000 euro,Da 11 a 50,Azionista,,70.0
PI00076,96328,CO00061,495024,PE00200,SERVIZI IM.PR.ESA S.R.L.,,Società a responsabilità limitata,"Via Altinia, 211/V",Venezia,VE,Elaborazione elettronica di dati contabili (esclusi i Centri di assistenza fiscale - Caf),Informatica,Tra 250.000 e 2.000.000 euro,Da 11 a 50,Consigliere,22/07/2016,
PI00077,96328,CO00061,495024,PE00200,SERVIZI IM.PR.ESA S.R.L.,,Società a responsabilità limitata,"Via Altinia, 211/V",Venezia,VE,Elaborazione elettronica di dati contabili (esclusi i Centri di assistenza fiscale - Caf),Informatica,Tra 250.000 e 2.000.000 euro,Da 11 a 50,Presidente del consiglio di amministrazione,22/07/2016,
PI00078,96328,CO00061,495024,PE00200,SERVIZI IM.PR.ESA S.R.L.,,Società a responsabilità limitata,"Via Altinia, 211/V",Venezia,VE,Elaborazione elettronica di dati contabili (esclusi i Centri di assistenza fiscale - Caf),Informatica,Tra 250.000 e 2.000.000 euro,Da 11 a 50,Azionista,,24.0
PI00296,96556,CO00208,819027,PE00901,SM 1619 RAGUSA S.R.L.,,Società a responsabilità limitata,"Via Enrico Cialdini, 19",Torino,TO,Alberghi,Turismo e ristorazione,Tra 250.000 e 2.000.000 euro,Da 11 a 50,Amministratore unico,12/09/2016,
PI00297,96557,CO00209,819027,PE00901,TENUTA SAN MAURIZIO S.R.L.,,Società a responsabilità limitata con un unico socio,"Localita' San Maurizio, 39",Santo Stefano Belbo,CN,Ristorazione con somministrazione,Turismo e ristorazione,Tra 250.000 e 2.000.000 euro,Da 11 a 50,Consigliere,06/05/2019,
PI00127,96378,CO00094,819562,PE00986,ZUMA S.R.L.,,Società a responsabilità limitata,"Viale Regina Margherita, 30",Viareggio,LU,Ristorazione con somministrazione,Turismo e ristorazione,Tra 250.000 e 2.000.000 euro,Da 11 a 50,Socio,01/09/2010,
PI00128,96378,CO00094,819562,PE00986,ZUMA S.R.L.,,Società a responsabilità limitata,"Viale Regina Margherita, 30",Viareggio,LU,Ristorazione con somministrazione,Turismo e ristorazione,Tra 250.000 e 2.000.000 euro,Da 11 a 50,Azionista,,100.0
PI00207,96447,CO00144,504670,PE00269,MANIFATTURA MARA DI DARA MAURIZIO & DARA ANDREA S.N.C.,,Società in nome collettivo,"Via Antonio Meucci, 6",Castiglione delle Stiviere,MN,Fabbricazione di articoli di calzetteria in maglia,Moda,Dato non disponibile,Da 3 a 10,Amministratore,30/04/1999,
PI00104,96357,CO00080,822316,PE00716,PIELLE ASTUCCI S.R.L.,,Società a responsabilità limitata,"Strada Cascine, 24",Quargnento,AL,Fabbricazione di altri articoli nca,Manifatturiero,Dato non disponibile,Da 3 a 10,Amministratore,22/06/2018,
PI00105,96357,CO00080,822316,PE00716,PIELLE ASTUCCI S.R.L.,,Società a responsabilità limitata,"Strada Cascine, 24",Quargnento,AL,Fabbricazione di altri articoli nca,Manifatturiero,Dato non disponibile,Da 3 a 10,Azionista,,50.0
PI00214,96459,CO00150,569307,PE00221,CAPALBIOFATTORIA SOCIETA' AGRICOLA S.R.L.,,Società a responsabilità limitata,"Localita' Fontanile Dei Caprai, SNC",Capalbio,GR,"Coltivazioni miste di cereali, legumi da granella e semi oleosi",Agroalimentare,Minore o uguale a 250.000 euro,Da 3 a 10,Amministratore unico,22/12/2004,
PI00215,96459,CO00150,569307,PE00221,CAPALBIOFATTORIA SOCIETA' AGRICOLA S.R.L.,,Società a responsabilità limitata,"Localita' Fontanile Dei Caprai, SNC, 58011",Capalbio,GR,"Coltivazioni miste di cereali, legumi da granella e semi oleosi",Agroalimentare,Minore o uguale a 250.000 euro,Da 3 a 10,Azionista,,20.0
PI00089,96338,CO00070,496810,PE00871,CONSORZIO G.A.S. GESTIONE AMMINISTRATIVA SOCIETA',,Società consortile,"Via Benedetto Cairoli, 4",Novara,NO,ATTIVITÃ€ DI CONSULENZA GESTIONALE,Consulenza,Minore o uguale a 250.000 euro,Da 3 a 10,Consigliere,22/12/2008,
PI00090,96338,CO00070,496810,PE00871,CONSORZIO G.A.S. GESTIONE AMMINISTRATIVA SOCIETA',,Società consortile,"Via Benedetto Cairoli, 4",Novara,NO,ATTIVITÃ€ DI CONSULENZA GESTIONALE,Consulenza,Minore o uguale a 250.000 euro,Da 3 a 10,Vice Presidente,22/12/2008,
PI00079,96329,CO00062,495024,PE00200,EAGLE ENERGY SRL,,Società a responsabilità limitata,"Via Altinia, 211/V",Venezia,VE,Ristorazione con somministrazione,Turismo e ristorazione,Minore o uguale a 250.000 euro,Da 3 a 10,Consigliere,30/01/2017,
PI00080,96329,CO00062,495024,PE00200,EAGLE ENERGY SRL,,Società a responsabilità limitata,"Via Altinia, 211/V, 30173",Venezia,VE,Ristorazione con somministrazione,Turismo e ristorazione,Minore o uguale a 250.000 euro,Da 3 a 10,Azionista,,15.0
PI00111,96364,CO00085,506017,PE00136,EURO 93 - S.R.L.,,Società a responsabilità limitata,"Via Provinciale, 78",Forte dei Marmi,LU,Elaborazione elettronica di dati contabili (esclusi i Centri di assistenza fiscale - Caf),Informatica,Minore o uguale a 250.000 euro,Da 3 a 10,Azionista,,50.0
PI00266,96518,CO00188,822220,PE00060,"IMMOBILI URBANI E RUSTICI - I.U.R.A. S.R.L., IN LIQUIDAZIONE IN F ORMA ABBREVIATA I.U.R.A. S.R.L., IN LIQUIDAZIONE",,Società a responsabilità limitata,"Via Fratelli Porcellaga, 24/A",Brescia,BS,Compravendita di beni immobili effettuata su beni propri,Distribuzione,Minore o uguale a 250.000 euro,Da 3 a 10,Azionista,,2.42
PI00092,96340,CO00072,541134,PE00093,JOB CONSULTING S.R.L.,,Società a responsabilità limitata,"Via Antenore, 2",Cittadella,PD,Elaborazione dati,Informatica,Minore o uguale a 250.000 euro,Da 3 a 10,Azionista,,35.0
PI00108,96362,CO00083,536579,PE00545,MYRA HOTELS S.R.L.,,Società a responsabilità limitata,"Via Padre Eugenio Barsanti, 9",Pietrasanta,LU,Compravendita di beni immobili effettuata su beni propri,Distribuzione,Minore o uguale a 250.000 euro,Da 3 a 10,Amministratore unico,23/12/2003,
PI00109,96362,CO00083,536579,PE00545,MYRA HOTELS S.R.L.,,Società a responsabilità limitata,"Via Padre Eugenio Barsanti, 9",Pietrasanta,LU,Compravendita di beni immobili effettuata su beni propri,Distribuzione,Minore o uguale a 250.000 euro,Da 3 a 10,Azionista,,75.0
PI00234,96473,CO00164,494879,PE00641,RIABILITI S.R.L.,,Società a responsabilità limitata,"Baluardo Alfonso La Marmora, 16",Novara,NO,Fisioterapia,Sanità,Minore o uguale a 250.000 euro,Da 3 a 10,Azionista,,10.0
PI00250,96494,CO00176,494583,PE00725,STUDIO PICHETTO & ASSOCIATI S.R.L.,,Società a responsabilità limitata,"Via Giacomo Matteotti, 14",Biella,BI,"Attività degli studi commerciali, tributari e revisione contabile",Consulenza,Minore o uguale a 250.000 euro,Da 3 a 10,Azionista,,51.0
PI00138,96389,CO00103,819594,PE00579,TOULA' FOOD AND DINING GROUP S.P.A.,,Società per azioni,"Lungomare Papa Giovanni XXIII, 22",Pescara,PE,Ristorazione con somministrazione,Turismo e ristorazione,Minore o uguale a 250.000 euro,Da 3 a 10,Consigliere,03/05/2017,
PI00139,96389,CO00103,819594,PE00579,TOULA' FOOD AND DINING GROUP S.P.A.,,Società per azioni,"Lungomare Papa Giovanni XXIII, 22",Pescara,PE,Ristorazione con somministrazione,Turismo e ristorazione,Minore o uguale a 250.000 euro,Da 3 a 10,Presidente del consiglio di amministrazione,03/05/2017,
PI00182,96419,CO00125,819545,PE00027,WORK WEALTH S.P.A.,,Società per azioni,"Via Robert Baden Powell, SNC",Galatone,LE,Altre attività di consulenza imprenditoriale e altra consulenza amministrativo-gestionale e pianificazione aziendale,Consulenza,Minore o uguale a 250.000 euro,Da 3 a 10,Presidente del collegio sindacale,30/04/2014,
PI00082,96331,CO00064,494565,PE00159,ITALIA CONSULT CHEMICALS S.P.A.,,Società per azioni,"Piazza Duca D'Aosta, 12",Milano,MI,Commercio all'ingrosso di prodotti chimici,Distribuzione,Tra 10.000.000 e 50.000.000 euro,Da 3 a 10,Azionista,,10.0
PI00132,96382,CO00098,494213,PE00084,BIASOTTI GROUP S.R.L.,,Società a responsabilità limitata,"Via Di Francia, 34/R",Genova,GE,Locazione immobiliare di beni propri o in leasing (affitto),Immobiliare,Tra 2.000.000 e 10.000.000 euro,Da 3 a 10,Consigliere,25/09/2008,
PI00133,96382,CO00098,494213,PE00084,BIASOTTI GROUP S.R.L.,,Società a responsabilità limitata,"Via Di Francia, 34/R",Genova,GE,Locazione immobiliare di beni propri o in leasing (affitto),Immobiliare,Tra 2.000.000 e 10.000.000 euro,Da 3 a 10,Azionista,,49.62
PI00113,96366,CO00087,542387,PE00105,BONIARDI GRAFICHE SRL,,Società a responsabilità limitata,"Via Giordano Bruno, 5",Milano,MI,Altra stampa,Manifatturiero,Tra 2.000.000 e 10.000.000 euro,Da 3 a 10,Consigliere,15/02/2005,
PI00114,96366,CO00087,542387,PE00105,BONIARDI GRAFICHE SRL,,Società a responsabilità limitata,"Via Giordano Bruno, 5",Milano,MI,Altra stampa,Manifatturiero,Tra 2.000.000 e 10.000.000 euro,Da 3 a 10,Azionista,,25.0
PI00018,32901,CO00014,549300,PE00770,FARMACIA COMUNALE DI VITTUONE S.R.L.,,Società a responsabilità limitata,"Strada 227, 227",Vittuone,MI,Farmacie,Farmaceutica,Tra 2.000.000 e 10.000.000 euro,Da 3 a 10,Sindaco supplente,29/06/2017,
PI00208,96454,CO00145,822219,PE00860,FINAUTO S.P.A.,,Società per azioni,"Via Traversa Pistoiese, 12/Q",Prato,PO,Noleggio di autovetture ed autoveicoli leggeri,Trasporto,Tra 2.000.000 e 10.000.000 euro,Da 3 a 10,Azionista,,1.0
PI00039,96292,CO00032,822357,PE00290,LEGA PALLAVOLO SERIE A,03747920373,Società consortile,"Via Giuseppe Rivani, 6",Bologna,BO,"Enti e organizzazioni sportive, promozione di eventi sportivi",Sport,Tra 2.000.000 e 10.000.000 euro,Da 3 a 10,Presidente del consiglio di amministrazione,20/07/2016,
PI00298,96558,CO00210,498646,PE00878,PLUSPETROL SRL,,Società a responsabilità limitata,"Via Pietrasanta, 12",Milano,MI,Commercio al dettaglio di carburante per autotrazione,Distribuzione,Tra 2.000.000 e 10.000.000 euro,Da 3 a 10,Amministratore unico,21/03/1991,
PI00299,96558,CO00210,498646,PE00878,PLUSPETROL SRL,,Società a responsabilità limitata,"Via Pietrasanta, 12",Milano,MI,Commercio al dettaglio di carburante per autotrazione,Distribuzione,Tra 2.000.000 e 10.000.000 euro,Da 3 a 10,Azionista,,70.0
PI00256,96509,CO00182,546305,PE00370,SBAMET S.R.L.,,Società a responsabilità limitata,"Viale Galileo Ferraris, 13/1",Bruino,TO,"Fabbricazione di lastre, fogli, tubi e profilati in materie plastiche",Manifatturiero,Tra 2.000.000 e 10.000.000 euro,Da 3 a 10,Amministratore,01/02/2010,
PI00257,96509,CO00182,546305,PE00370,SBAMET S.R.L.,,Società a responsabilità limitata,"Viale Galileo Ferraris, 13/1",Bruino,TO,"Fabbricazione di lastre, fogli, tubi e profilati in materie plastiche",Manifatturiero,Tra 2.000.000 e 10.000.000 euro,Da 3 a 10,Azionista,,49.0
PI00273,96522,CO00192,519118,PE00507,TCI ELETTROMECCANICA - S.R.L.,,Società a responsabilità limitata,"Via Antonio Parma, 14",Saronno,VA,"Fabbricazione di motori, generatori e trasformatori elettrici",Manifatturiero,Tra 2.000.000 e 10.000.000 euro,Da 3 a 10,Amministratore unico,02/04/2010,
PI00247,96483,CO00174,541847,PE00044,TECNOLOOK S.R.L.,,Società a responsabilità limitata,"Via Cal Lusent, 51",Pederobba,TV,"Commercio all'ingrosso di altre macchine ed attrezzature per l'industria, il commercio e la navigazione nca",Distribuzione,Tra 2.000.000 e 10.000.000 euro,Da 3 a 10,Consigliere,28/08/2017,
PI00248,96483,CO00174,541847,PE00044,TECNOLOOK S.R.L.,,Società a responsabilità limitata,"Via Cal Lusent, 51",Pederobba,TV,"Commercio all'ingrosso di altre macchine ed attrezzature per l'industria, il commercio e la navigazione nca",Distribuzione,Tra 2.000.000 e 10.000.000 euro,Da 3 a 10,Azionista,,33.33
PI00201,96444,CO00141,504545,PE00420,VISIBILIA EDITORE S.P.A.,,Società per azioni,"Via Pompeo Litta, 9",Milano,MI,Edizione di riviste e periodici,Editoria,Tra 2.000.000 e 10.000.000 euro,Da 3 a 10,Amministratore delegato,28/07/2017,
PI00202,96444,CO00141,504545,PE00420,VISIBILIA EDITORE S.P.A.,,Società per azioni,"Via Pompeo Litta, 9",Milano,MI,Edizione di riviste e periodici,Editoria,Tra 2.000.000 e 10.000.000 euro,Da 3 a 10,Consigliere,11/11/2014,
PI00203,96444,CO00141,504545,PE00420,VISIBILIA EDITORE S.P.A.,,Società per azioni,"Via Pompeo Litta, 9",Milano,MI,Edizione di riviste e periodici,Editoria,Tra 2.000.000 e 10.000.000 euro,Da 3 a 10,Presidente del consiglio di amministrazione,12/02/2016,
PI00198,96442,CO00139,504545,PE00420,VISIBILIA S.R.L.,,Società a responsabilità limitata,"Via Pompeo Litta, 9",Milano,MI,Attività delle concessionarie e degli altri intermediari di servizi pubblicitari,Comunicazione,Tra 2.000.000 e 10.000.000 euro,Da 3 a 10,Amministratore unico,23/01/2012,
PI00199,96442,CO00139,504545,PE00420,VISIBILIA S.R.L.,,Società a responsabilità limitata,"Via Pompeo Litta, 9",Milano,MI,Attività delle concessionarie e degli altri intermediari di servizi pubblicitari,Comunicazione,Tra 2.000.000 e 10.000.000 euro,Da 3 a 10,Azionista,,57.92
PI00056,96311,CO00046,822351,PE00160,AGIELLE CONSULTING SOCIETA' A RESPONSABILITA' LIMITATA,,Società a responsabilità limitata,"Via San Giacomo, 32",Napoli,NA,Agenti di assicurazioni,Finanziario,Tra 250.000 e 2.000.000 euro,Da 3 a 10,Amministratore unico,29/06/2009,
PI00057,96311,CO00046,822351,PE00160,AGIELLE CONSULTING SOCIETA' A RESPONSABILITA' LIMITATA,,Società a responsabilità limitata,"Via San Giacomo, 32",Napoli,NA,Agenti di assicurazioni,Finanziario,Tra 250.000 e 2.000.000 euro,Da 3 a 10,Azionista,,95.0
PI00225,96466,CO00157,819575,PE00139,ARAGON SOCIETA' COOPERATIVA SOCIALE ONLUS,,Società cooperativa diversa,"Via Luigi Dottesio, 8",Como,CO,Strutture di assistenza infermieristica residenziale per anziani,Sanità,Tra 250.000 e 2.000.000 euro,Da 3 a 10,Presidente del consiglio di amministrazione,27/02/2018,
PI00226,96467,CO00158,819575,PE00139,ASLAN SOCIETA' COOPERATIVA SOCIALE ONLUS,,Società cooperativa diversa,"Via Luigi Dottesio, 8",Como,CO,Strutture di assistenza infermieristica residenziale per anziani,Sanità,Tra 250.000 e 2.000.000 euro,Da 3 a 10,Presidente del consiglio di amministrazione,27/02/2018,
PI00010,25564,CO00009,549300,PE00770,AZIENDA SERVIZI MORTARA S.P.A. IN FORMA ABBREVIATA A.S.MORTARA S.P.A.,,Società per azioni,"Via Tiziano Vecellio, 540",Mortara,PV,Attività delle holding impegnate nelle attività gestionali (holding operative),Finanziario,Tra 250.000 e 2.000.000 euro,Da 3 a 10,Sindaco supplente,04/09/2017,
PI00161,96399,CO00112,494826,PE00304,BK FOOD S.R.L.,,Società a responsabilità limitata con un unico socio,"Via Milanese, 3",Sesto San Giovanni,MI,Ristorazione con somministrazione,Turismo e ristorazione,Tra 250.000 e 2.000.000 euro,Da 3 a 10,Amministratore delegato,14/07/2014,
PI00162,96399,CO00112,494826,PE00304,BK FOOD S.R.L.,,Società a responsabilità limitata con un unico socio,"Via Milanese, 3",Sesto San Giovanni,MI,Ristorazione con somministrazione,Turismo e ristorazione,Tra 250.000 e 2.000.000 euro,Da 3 a 10,Consigliere,14/07/2014,
PI00163,96399,CO00112,494826,PE00304,BK FOOD S.R.L.,,Società a responsabilità limitata con un unico socio,"Via Milanese, 3",Sesto San Giovanni,MI,Ristorazione con somministrazione,Turismo e ristorazione,Tra 250.000 e 2.000.000 euro,Da 3 a 10,Presidente del consiglio di amministrazione,14/07/2014,
PI00129,96379,CO00095,819562,PE00986,BROCANTE S.R.L.,,Società a responsabilità limitata,"Viale Guglielmo Marconi, 62",Viareggio,LU,Ristorazione con somministrazione,Turismo e ristorazione,Tra 250.000 e 2.000.000 euro,Da 3 a 10,Azionista,,99.99
PI00189,96435,CO00132,819521,PE00795,"CENTRO STUDI FRATELLI BRANCA S.R.L. IN FORMA ABBREVIATA ""C.S.B. S.R.L."" O ""CENTRO STUDI BRANCA S.R.L.""",,Società a responsabilità limitata,"Via Resegone, 2",Milano,MI,Attività delle holding impegnate nelle attività gestionali (holding operative),Finanziario,Tra 250.000 e 2.000.000 euro,Da 3 a 10,Consigliere,27/12/2007,
PI00190,96435,CO00132,819521,PE00795,"CENTRO STUDI FRATELLI BRANCA S.R.L. IN FORMA ABBREVIATA ""C.S.B. S.R.L."" O ""CENTRO STUDI BRANCA S.R.L.""",,Società a responsabilità limitata,"Via Resegone, 2",Milano,MI,Attività delle holding impegnate nelle attività gestionali (holding operative),Finanziario,Tra 250.000 e 2.000.000 euro,Da 3 a 10,Presidente del consiglio di amministrazione,30/04/2013,
PI00229,96470,CO00161,819575,PE00139,"CONSORZIO REMEDIA - SOCIETA' COOPERATIVA IN BREVE ""CONSORZIO REMEDIA S.C.""",,Società cooperativa diversa,"Via Pratobello, 51",Lipomo,CO,Assistenza sociale non residenziale per anziani e disabili,Sanità,Tra 250.000 e 2.000.000 euro,Da 3 a 10,Consigliere,08/06/2015,
PI00115,96367,CO00088,542387,PE00105,COOPERATIVA EDIFICATRICE SAN MARTINO SOCIETA' COOPERATIVA,,Società cooperativa diversa,"Via Privata Enrico Meroni, 7",Bollate,MI,Sviluppo di progetti immobiliari senza costruzione,Immobiliare,Tra 250.000 e 2.000.000 euro,Da 3 a 10,Consigliere,05/06/1998,
PI00227,96468,CO00159,819575,PE00139,COOPERATIVA SOCIALE AVALON ONLUS,,Società cooperativa sociale,"Via Luigi Dottesio, 8",Como,CO,"Strutture di assistenza residenziale per persone affette da ritardi mentali, disturbi mentali o che abusano di sostanze stupefacenti",Sanità,Tra 250.000 e 2.000.000 euro,Da 3 a 10,Vice Presidente del consiglio di amministrazione,01/02/2018,
PI00049,96303,CO00040,502880,PE00629,DI.EMME S.R.L.,,Società a responsabilità limitata,"Via Del Collio, 10",San Giovanni al Natisone,UD,"Fabbricazione di sedie e sedili (esclusi quelli per aeromobili, autoveicoli, navi, treni, ufficio e negozi)",Manifatturiero,Tra 250.000 e 2.000.000 euro,Da 3 a 10,Amministratore,28/09/2013,
PI00050,96303,CO00040,502880,PE00629,DI.EMME S.R.L.,,Società a responsabilità limitata,"Via Del Collio, 10",San Giovanni al Natisone,UD,"Fabbricazione di sedie e sedili (esclusi quelli per aeromobili, autoveicoli, navi, treni, ufficio e negozi)",Manifatturiero,Tra 250.000 e 2.000.000 euro,Da 3 a 10,Azionista,,49.0
PI00241,96478,CO00169,819524,PE00180,GETAPP S.R.L.,,Società a responsabilità limitata,"Via Tommaso Alva Edison, 43",Pistoia,MN,Produzione di software non connesso all'edizione,Informatica,Tra 250.000 e 2.000.000 euro,Da 3 a 10,Azionista,,4.75
PI00158,96398,CO00111,494826,PE00304,HOTEL CRISTALLO S.R.L.,,Società a responsabilità limitata,"Via Giovannina Bulferi,7 ",Ponte di Legno,BS,Alberghi,Turismo e ristorazione,Tra 250.000 e 2.000.000 euro,Da 3 a 10,Amministratore delegato,26/01/2015,
PI00159,96398,CO00111,494826,PE00304,HOTEL CRISTALLO S.R.L.,,Società a responsabilità limitata,"Via Giovannina Bulferi,7 ",Ponte di Legno,BS,Alberghi,Turismo e ristorazione,Tra 250.000 e 2.000.000 euro,Da 3 a 10,Consigliere,22/01/2015,
PI00160,96398,CO00111,494826,PE00304,HOTEL CRISTALLO S.R.L.,,Società a responsabilità limitata,"Via Giovannina Bulferi,7 ",Ponte di Legno,BS,Alberghi,Turismo e ristorazione,Tra 250.000 e 2.000.000 euro,Da 3 a 10,Presidente del consiglio di amministrazione,22/01/2015,
PI00144,96393,CO00106,502680,PE00082,IMPRESA BIANCHI COSTRUZIONI S.R.L.,,Società a responsabilità limitata,"Via Francesco Carmagnola, 13",Milano,MI,Costruzione di edifici residenziali e non residenziali,Edlizia,Tra 250.000 e 2.000.000 euro,Da 3 a 10,Azionista,,10.0
PI00168,96402,CO00115,818984,PE00247,LA CORSA SOCIETA' AGRICOLA S.R.L.,,Società a responsabilità limitata,"Strada Del Prataccione, 19",Orbetello,GR,Coltivazione di uva,Agroalimentare,Tra 250.000 e 2.000.000 euro,Da 3 a 10,Azionista,,50.0
PI00216,96460,CO00151,751900,PE00807,MOBILIFICIO QUATTRO R-RUFA - S.R.L.,,Società a responsabilità limitata,"Localita' Sant'Angelo In Villa, SNC",Veroli,PT,Commercio al dettaglio di mobili per la casa,Distribuzione,Tra 250.000 e 2.000.000 euro,Da 3 a 10,Azionista,,16.67
PI00083,96332,CO00065,505870,PE00793,NUOVA TRIESTEUFFICIO S.R.L.,,Società a responsabilità limitata,"Via Antonio Pigafetta, 1",Trieste,TS,Fabbricazione di oggetti di cancelleria,Manifatturiero,Tra 250.000 e 2.000.000 euro,Da 3 a 10,Azionista,,30.0
PI00287,96547,CO00202,822312,PE00223,OMNIAHOLDING S.P.A.,,Società per azioni,"Via Giovanni Marangoni, 1/E",Mantova,MI,Attività delle holding impegnate nelle attività gestionali (holding operative),Finanziario,Tra 250.000 e 2.000.000 euro,Da 3 a 10,Azionista,,19.78
PI00288,96547,CO00202,822312,PE00223,OMNIAHOLDING S.P.A.,,Società per azioni,"Via Giovanni Marangoni, 1/E",Mantova,MN,Attività delle holding impegnate nelle attività gestionali (holding operative),Finanziario,Tra 250.000 e 2.000.000 euro,Da 3 a 10,Amministratore delegato,24/10/1998,
PI00289,96547,CO00202,822312,PE00223,OMNIAHOLDING S.P.A.,,Società per azioni,"Via Giovanni Marangoni, 1/E",Mantova,MN,Attività delle holding impegnate nelle attività gestionali (holding operative),Finanziario,Tra 250.000 e 2.000.000 euro,Da 3 a 10,Consigliere,14/09/1998,
PI00290,96547,CO00202,822312,PE00223,OMNIAHOLDING S.P.A.,,Società per azioni,"Via Giovanni Marangoni, 1/E",Mantova,MN,Attività delle holding impegnate nelle attività gestionali (holding operative),Finanziario,Tra 250.000 e 2.000.000 euro,Da 3 a 10,Vice Presidente del consiglio di amministrazione,07/11/1998,
PI00126,96377,CO00093,819207,PE00063,ONORANZE FUNEBRI LUCADEI S.R.L.,,Società a responsabilità limitata,"Via Salaria, 213",Colli del Tronto,AP,Servizi di pompe funebri e attività connesse,Sanità,Tra 250.000 e 2.000.000 euro,Da 3 a 10,Amministratore,07/03/2011,
PI00084,96334,CO00066,495494,PE00656,PARAMETRO S.R.L.,,Società a responsabilità limitata,"Via Bernardo Blumenstihl, 71",Roma,RM,"Commercio al dettaglio di prodotti vari, mediante l'intervento di un dimostratore o di un incaricato alla vendita (porta a porta)",Distribuzione,Tra 250.000 e 2.000.000 euro,Da 3 a 10,Azionista,,50.0
PI00171,96411,CO00118,818987,PE00797,PREMIER SERVICE - SRL,,Società a responsabilità limitata,"Via Francesco Gentile, 135",Roma,RM,Attività dei call center,Altro,Tra 250.000 e 2.000.000 euro,Da 3 a 10,Azionista,,70.0
PI00048,96302,CO00039,822285,PE00870,PROGETTARE ZEROSEI S.R.L.,,Società a responsabilità limitata,Via Antonio Gramsci,Reggio nell'Emilia,RE,ATTIVITÃ€ DI CONSULENZA GESTIONALE,Consulenza,Tra 250.000 e 2.000.000 euro,Da 3 a 10,Consigliere,30/03/2017,
PI00112,96365,CO00086,822247,PE00262,PROSPECTA S.R.L.,,Società a responsabilità limitata,"Via San Rocchetto, 3",Verona,VR,"EDIZIONE DI LIBRI, PERIODICI ED ALTRE ATTIVITÃ€ EDITORIALI",Editoria,Tra 250.000 e 2.000.000 euro,Da 3 a 10,Azionista,,56.0
PI00187,96433,CO00130,819351,PE00612,PROTECNA - S.R.L.,,Società a responsabilità limitata,"Viale Odescalchi, 16",Bracciano,FR,Costruzione di edifici residenziali e non residenziali,Edlizia,Tra 250.000 e 2.000.000 euro,Da 3 a 10,Azionista,,83.33
PI00294,96552,CO00206,494954,PE00203,REWHITE S.R.L.,,Società a responsabilità limitata,"Via Bartolomeo Panizza, 10",Milano,MI,Ristorazione con somministrazione,Turismo e ristorazione,Tra 250.000 e 2.000.000 euro,Da 3 a 10,Azionista,,10.0
PI00240,96477,CO00168,819524,PE00180,SANT'ANDREA SOCIETA' IMMOBILIARE E DI PARTECIPAZIONE S.P.A.,,Società per azioni,"Via Alberto Franchetti, 11",Pistoia,PT,Locazione immobiliare di beni propri o in leasing (affitto),Immobiliare,Tra 250.000 e 2.000.000 euro,Da 3 a 10,Azionista,,11.0
PI00295,96555,CO00207,819027,PE00901,SENSI SAN MAURIZIO S.R.L.,,Società a responsabilità limitata,"Localita' San Maurizio, 39",Santo Stefano Belbo,CN,Servizi degli istituti di bellezza,Servizi per la persona,Tra 250.000 e 2.000.000 euro,Da 3 a 10,Amministratore unico,12/10/2015,
PI00130,96380,CO00096,819562,PE00986,"SHELL SOCIETA' A RESPONSABILITA' LIMITATA IN SIGLA ""SHELL S.R.L.""",,Società a responsabilità limitata,"Lungomare Europa, 131, 55041",Camaiore,LU,Ristorazione con somministrazione,Turismo e ristorazione,Tra 250.000 e 2.000.000 euro,Da 3 a 10,Azionista,,25.0
PI00088,96337,CO00069,496810,PE00871,SKYLAB ENERGIA S.R.L.,,Società a responsabilità limitata,"Via Benedetto Cairoli, 4",Novara,NO,Collaudi e analisi tecniche di prodotti,Altro,Tra 250.000 e 2.000.000 euro,Da 3 a 10,Azionista,,37.5
PI00013,29612,CO00011,516519,PE00686,"SOCIETA' INFRASTRUTTURE ALTA VALCAMONICA S.P.A.  IN SIGLA ""S.I.A.V. S.P.A.""",,Società per azioni,"Via Fratelli Calvi, 53/I",Ponte di Legno,BS,Pubbliche relazioni e comunicazione,Comunicazione,Tra 250.000 e 2.000.000 euro,Da 3 a 10,Consigliere,27/02/2006,
PI00014,29612,CO00011,516519,PE00686,"SOCIETA' INFRASTRUTTURE ALTA VALCAMONICA S.P.A.  IN SIGLA ""S.I.A.V. S.P.A.""",,Società per azioni,"Via Fratelli Calvi, 53/I",Ponte di Legno,BS,Pubbliche relazioni e comunicazione,Comunicazione,Tra 250.000 e 2.000.000 euro,Da 3 a 10,Presidente del consiglio di amministrazione,04/03/2006,
PI00099,96353,CO00077,822340,PE00428,THERAPIA S.R.L.,,Società a responsabilità limitata,"Strada Privata Perrini, S.C.",Bitonto,BA,Studi medici specialistici e poliambulatori,Sanità,Tra 250.000 e 2.000.000 euro,Da 3 a 10,Azionista,,10.0
PI00284,96545,CO00200,498501,PE00411,TICINO HOLDING S.R.L.,,Società a responsabilità limitata con un unico socio,"Via Paolo Camillo Marliani, 5",Busto Arsizio,VA,Locazione immobiliare di beni propri o in leasing (affitto),Immobiliare,Tra 250.000 e 2.000.000 euro,Da 3 a 10,Consigliere,29/06/2009,
PI00285,96545,CO00200,498501,PE00411,TICINO HOLDING S.R.L.,,Società a responsabilità limitata con un unico socio,"Via Paolo Camillo Marliani, 5",Busto Arsizio,VA,Locazione immobiliare di beni propri o in leasing (affitto),Immobiliare,Tra 250.000 e 2.000.000 euro,Da 3 a 10,Presidente del consiglio di amministrazione,15/07/2009,
PI00052,96305,CO00042,494253,PE00167,ELIA S.R.L.,,Società a responsabilità limitata,Zona Artigianale,Marrubiu,OR,Fabbricazione di altri componenti elettronici,Elettronica,Dato non disponibile,Da 51 a 250,Sindaco supplente,30/05/2000,
PI00085,96335,CO00067,495494,PE00656,SE.CO.P. SRL,,Società a responsabilità limitata,"Via Panebianco, 177",Cosenza,CS,Costruzione di edifici residenziali e non residenziali,Edlizia,Dato non disponibile,Da 51 a 250,Azionista,,20.0
PI00191,96436,CO00133,819521,PE00795,FRATELLI BRANCA DISTILLERIE S.R.L.,,Società a responsabilità limitata,"Via Broletto, 35",Milano,MI,"Distillazione, rettifica e miscelatura degli alcolici",Agroalimentare,Maggiore di 50.000.000 euro,Da 51 a 250,Consigliere,12/05/2005,
PI00134,96383,CO00099,494213,PE00084,NOVELLI 1934 S.R.L.,,Società a responsabilità limitata,"Via Di Francia, 34/R",Genova,GE,Commercio all'ingrosso e al dettaglio di autovetture e di autoveicoli leggeri,Distribuzione,Maggiore di 50.000.000 euro,Da 51 a 250,Azionista,,17.7
PI00094,96345,CO00074,819616,PE00373,SOCIETA' COOPERATIVA AGRICOLA CONSORTILE COLLIS VENETO WINE GROUP IN BREVE COLLIS O COLLIS WINE GROUP O C.W.G.,,Società consortile,"Via Cappuccini, 6",Monteforte d'Alpone,VR,Coltivazione di uva,Agroalimentare,Maggiore di 50.000.000 euro,Da 51 a 250,Consigliere,26/02/2018,
PI00095,96345,CO00074,819616,PE00373,SOCIETA' COOPERATIVA AGRICOLA CONSORTILE COLLIS VENETO WINE GROUP IN BREVE COLLIS O COLLIS WINE GROUP O C.W.G.,,Società consortile,"Via Cappuccini, 6",Monteforte d'Alpone,VR,Coltivazione di uva,Agroalimentare,Maggiore di 50.000.000 euro,Da 51 a 250,Presidente del consiglio di amministrazione,21/03/2018,
PI00269,96520,CO00190,519118,PE00507,TCI - TELECOMUNICAZIONI ITALIA - S.R.L.,,Società a responsabilità limitata,"Via Antonio Parma, 14",Saronno,VA,Fabbricazione di altri componenti elettronici,Elettronica,Maggiore di 50.000.000 euro,Da 51 a 250,Amministratore unico,12/12/2009,
PI00270,96520,CO00190,519118,PE00507,TCI - TELECOMUNICAZIONI ITALIA - S.R.L.,,Società a responsabilità limitata,"Via Antonio Parma, 14",Saronno,VA,Fabbricazione di altri componenti elettronici,Elettronica,Maggiore di 50.000.000 euro,Da 51 a 250,Azionista,,95.0
PI00223,96465,CO00156,819232,PE00412,ASSOCIAZIONE CALCIO MONZA S.P.A.,,Società per azioni,"Via Ragazzi Del 99, 14",Monza,MB,Attività di club sportivi,Sport,Minore o uguale a 250.000 euro,Da 51 a 250,Amministratore delegato,28/09/2018,
PI00224,96465,CO00156,819232,PE00412,ASSOCIAZIONE CALCIO MONZA S.P.A.,,Società per azioni,"Via Ragazzi Del 99, 14",Monza,MB,Attività di club sportivi,Sport,Minore o uguale a 250.000 euro,Da 51 a 250,Consigliere,28/09/2018,
PI00002,1761,CO00002,734906,PE00222,ASCOPIAVE S.P.A.,,Società per azioni,"Via Verizzo, 1030",Pieve di Soligo,TV,Attività delle holding impegnate nelle attività gestionali (holding operative),Finanziario,Tra 10.000.000 e 50.000.000 euro,Da 51 a 250,Consigliere,28/04/2011,
PI00027,85458,CO00021,819059,PE00237,AUTOTRASPORTI MULTIPLI ARCESE S.P.A.,,Società per azioni,"Via San Sebastian, 1",Trento,TN,Trasporto di merci su strada,Trasporto,Tra 10.000.000 e 50.000.000 euro,Da 51 a 250,Sindaco supplente,07/05/2015,
PI00047,96301,CO00038,536663,PE00381,CASA DI CURA MADONNA DEL RIMEDIO DI ORISTANO S.P.A. *CASA DI CURA MADONNA DEL RIMEDIO S.P.A.,,Società per azioni,"Via Giampietro Chironi, 20",Cagliari,CA,Servizi ospedalieri,Sanità,Tra 10.000.000 e 50.000.000 euro,Da 51 a 250,Consigliere,22/07/2010,
PI00110,96363,CO00084,822309,PE00022,CASE DI CURA RIUNITE VILLA SERENA E NUOVA SAN FRANCESCO - S.R.L.,,Società a responsabilità limitata,"Viale Europa, 12",Foggia,FG,Ospedali e case di cura generici,Sanità,Tra 10.000.000 e 50.000.000 euro,Da 51 a 250,Sindaco effettivo,05/05/2015,
PI00011,27581,CO00010,495022,PE00242,CENTRO VENETO SERVIZI S.P.A.,,Società per azioni,"Via Cristoforo Colombo, 29/A",Monselice,PD,"Raccolta, trattamento e fornitura di acqua",Forniture,Tra 10.000.000 e 50.000.000 euro,Da 51 a 250,Consigliere,20/09/2016,
PI00012,27581,CO00010,495022,PE00242,CENTRO VENETO SERVIZI S.P.A.,,Società per azioni,"Via Cristoforo Colombo, 29/A",Monselice,PD,"Raccolta, trattamento e fornitura di acqua",Forniture,Tra 10.000.000 e 50.000.000 euro,Da 51 a 250,Presidente del consiglio di amministrazione,22/01/2018,
PI00081,96330,CO00063,495024,PE00200,COLOMBIN & FIGLIO SOCIETA' PER AZIONI,,Società per azioni,"Via Dei Cosulich, 1",Trieste,TS,Fabbricazione dei prodotti della lavorazione del sughero,Manifatturiero,Tra 10.000.000 e 50.000.000 euro,Da 51 a 250,Consigliere,20/07/2018,
PI00006,8840,CO00006,549300,PE00770,"FERROVIE NORD MILANO AUTOSERVIZI S.P.A. O IN FORMA ABBREVIATA ""FNM AUTOSERVIZI S.P.A.""",,Società per azioni,"Piazzale Luigi Cadorna, 14",Milano,MI,Trasporto terrestre di passeggeri in aree urbane e suburbane,Trasporto,Tra 10.000.000 e 50.000.000 euro,Da 51 a 250,Sindaco supplente,18/04/2017,
PI00205,96446,CO00143,504545,PE00420,KI GROUP HOLDING S.P.A.,,Società per azioni,"Strada Di Settimo, 399/11",Torino,TO,Commercio all'ingrosso di altri prodotti alimentari,Distribuzione,Tra 10.000.000 e 50.000.000 euro,Da 51 a 250,Consigliere,02/02/2015,
PI00206,96446,CO00143,504545,PE00420,KI GROUP HOLDING S.P.A.,,Società per azioni,"Strada Di Settimo, 399/11",Torino,TO,Commercio all'ingrosso di altri prodotti alimentari,Distribuzione,Tra 10.000.000 e 50.000.000 euro,Da 51 a 250,Presidente del consiglio di amministrazione,02/02/2015,
PI00254,96498,CO00180,494583,PE00725,LAURETANA S.P.A.,,Società per azioni,"Localita' Santuario, 56",Graglia,BI,"Industria delle bibite analcoliche, delle acque minerali e di altre acque in bottiglia",Agroalimentare,Tra 10.000.000 e 50.000.000 euro,Da 51 a 250,Sindaco supplente,28/04/2004,
PI00255,96499,CO00181,494583,PE00725,MACHIERALDO GUSTAVO - S.P.A.,,Società per azioni,"Via Villetta Stra', 12",Cavaglià,BI,Commercio all'ingrosso di articoli in ferro e in altri metalli (ferramenta),Distribuzione,Tra 10.000.000 e 50.000.000 euro,Da 51 a 250,Sindaco supplente,03/06/2013,
PI00252,96496,CO00178,494583,PE00725,MASS TRADING PLUS S.R.L.,,Società per azioni,"Via Appennini, 32",Cocquio-Trevisago,VA,Commercio al dettaglio in esercizi non specializzati con prevalenza di prodotti alimentari e bevande,Distribuzione,Tra 10.000.000 e 50.000.000 euro,Da 51 a 250,Sindaco effettivo,24/06/2019,
PI00183,96421,CO00126,494177,PE00551,MEMAR-MONTEASSEGNI S.P.A.,,Società per azioni,"Via Adolfo Tedeschi, 10/12",Reggio nell'Emilia,RE,Altre elaborazioni elettroniche di dati,Informatica,Tra 10.000.000 e 50.000.000 euro,Da 51 a 250,Consigliere,21/07/2016,
PI00169,96408,CO00116,819350,PE00594,"MOLECULAR MEDICINE S.P.A. O IN FORMA ABBREVIATA ""MOLMED S.P.A.""",,Società per azioni,"Via Olgettina, 58",Milano,MI,Ricerca e sviluppo sperimentale nel campo delle biotecnologie,Ricerca e sviluppo,Tra 10.000.000 e 50.000.000 euro,Da 51 a 250,Consigliere,15/03/2004,
PI00164,96400,CO00113,494826,PE00304,P.G.R. COOPERATIVA SOCIALE - ONLUS,,Società cooperativa diversa,"Via Dei Lavoratori, 133",Cinisello Balsamo,MI,Strutture di assistenza infermieristica residenziale per anziani,Sanità,Tra 10.000.000 e 50.000.000 euro,Da 51 a 250,Amministratore delegato,17/07/2017,
PI00165,96400,CO00113,494826,PE00304,P.G.R. COOPERATIVA SOCIALE - ONLUS,,Società cooperativa diversa,"Via Dei Lavoratori, 133",Cinisello Balsamo,MI,Strutture di assistenza infermieristica residenziale per anziani,Sanità,Tra 10.000.000 e 50.000.000 euro,Da 51 a 250,Consigliere,17/12/2014,
PI00166,96400,CO00113,494826,PE00304,P.G.R. COOPERATIVA SOCIALE - ONLUS,,Società cooperativa diversa,"Via Dei Lavoratori, 133",Cinisello Balsamo,MI,Strutture di assistenza infermieristica residenziale per anziani,Sanità,Tra 10.000.000 e 50.000.000 euro,Da 51 a 250,Presidente del consiglio di amministrazione,17/12/2014,
PI00032,91381,CO00026,494450,PE00744,R.O.I. AUTOMOTIVE TECHNOLOGY S.R.L.,,Società a responsabilità limitata,"Via Cavalier Pietro Radici, 19",Cazzano Sant'Andrea,BG,Fabbricazione di altri articoli tessili tecnici ed industriali,Manifatturiero,Tra 10.000.000 e 50.000.000 euro,Da 51 a 250,Sindaco effettivo,29/04/2009,
PI00258,96513,CO00183,822321,PE00474,SITVERBA S.R.L.,,Società a responsabilità limitata,"Via Quarantadue Martiri, 165",Verbania,VB,Installazione di impianti elettrici ed elettronici (inclusa manutenzione e riparazione),Elettronica,Tra 10.000.000 e 50.000.000 euro,Da 51 a 250,Revisore dei conti,11/04/2015,
PI00259,96513,CO00183,822321,PE00474,SITVERBA S.R.L.,,Società a responsabilità limitata,"Via Quarantadue Martiri, 165",Verbania,VB,Installazione di impianti elettrici ed elettronici (inclusa manutenzione e riparazione),Elettronica,Tra 10.000.000 e 50.000.000 euro,Da 51 a 250,Sindaco effettivo,11/04/2015,
PI00046,96300,CO00037,536663,PE00381,CASA DI CURA S.ANTONIO - SOCIETA' PER AZIONI,,Società per azioni,"Via Giampietro Chironi, 3",Cagliari,CA,Ospedali e case di cura generici,Sanità,Tra 2.000.000 e 10.000.000 euro,Da 51 a 250,Consigliere,29/01/2013,
PI00151,96396,CO00109,494826,PE00304,GRUPPO DELLA FRERA HOTEL S.R.L.,,Società a responsabilità limitata,"Via Lucio Giunio Columella, 36",Milano,MI,Locazione immobiliare di beni propri o in leasing (affitto),Immobiliare,Tra 2.000.000 e 10.000.000 euro,Da 51 a 250,Amministratore delegato,04/02/2015,
PI00152,96396,CO00109,494826,PE00304,GRUPPO DELLA FRERA HOTEL S.R.L.,,Società a responsabilità limitata,"Via Lucio Giunio Columella, 36",Milano,MI,Locazione immobiliare di beni propri o in leasing (affitto),Immobiliare,Tra 2.000.000 e 10.000.000 euro,Da 51 a 250,Consigliere,19/06/2014,
PI00153,96396,CO00109,494826,PE00304,GRUPPO DELLA FRERA HOTEL S.R.L.,,Società a responsabilità limitata,"Via Lucio Giunio Columella, 36",Milano,MI,Locazione immobiliare di beni propri o in leasing (affitto),Immobiliare,Tra 2.000.000 e 10.000.000 euro,Da 51 a 250,Presidente del consiglio di amministrazione,19/06/2014,
PI00154,96396,CO00109,494826,PE00304,GRUPPO DELLA FRERA HOTEL S.R.L.,,Società a responsabilità limitata,"Via Lucio Giunio Columella, 36",Milano,MI,Locazione immobiliare di beni propri o in leasing (affitto),Immobiliare,Tra 2.000.000 e 10.000.000 euro,Da 51 a 250,Azionista,,40.0
PI00301,96561,CO00212,822346,PE00469,HS COMPANY S.R.L.,,Società a responsabilità limitata,"Via Pietra Tonda, 20",Montemiletto,AV,Altre attività dei servizi connessi alle tecnologie dell'informatica nca,Informatica,Tra 2.000.000 e 10.000.000 euro,Da 51 a 250,Socio,07/09/2018,
PI00302,96561,CO00212,822346,PE00469,HS COMPANY S.R.L.,,Società a responsabilità limitata,"Via Pietra Tonda, 20",Montemiletto,AV,Altre attività dei servizi connessi alle tecnologie dell'informatica nca,Informatica,Tra 2.000.000 e 10.000.000 euro,Da 51 a 250,Azionista,,100.0
PI00028,85623,CO00022,819059,PE00237,IMPRESA MAZZOTTI ROMUALDO S.P.A.,,Società per azioni,"Localita' Ridever, 5",Borgo Lares,TN,"Costruzione di strade, autostrade e piste aeroportuali",Infrastrutture,Tra 2.000.000 e 10.000.000 euro,Da 51 a 250,Sindaco supplente,29/04/2016,
PI00063,96316,CO00051,819320,PE00564,SHANER CIOCCO S.R.L.,,Società a responsabilità limitata,Localita' Il Ciocco,Barga,LU,Alberghi,Turismo e ristorazione,Tra 2.000.000 e 10.000.000 euro,Da 51 a 250,Consigliere,12/05/2008,
PI00022,82410,CO00017,819346,PE00929,SINCON S.R.L.,00787980739,Società a responsabilità limitata,"Via Venezia Giulia, 70",Taranto,TA,Produzione di software non connesso all'edizione,Informatica,Tra 2.000.000 e 10.000.000 euro,Da 51 a 250,Sindaco effettivo,03/06/2013,
PI00008,22035,CO00008,541807,PE00930,VENETO STRADE S.P.A.,,Società per azioni,"Via Cesco Baseggio, 5",Venezia,VE,"Costruzione di strade, autostrade e piste aeroportuali",Infrastrutture,Tra 2.000.000 e 10.000.000 euro,Da 51 a 250,Consigliere,01/06/2011,
PI00009,22035,CO00008,541807,PE00930,VENETO STRADE S.P.A.,,Società per azioni,"Via Cesco Baseggio, 5",Venezia,VE,"Costruzione di strade, autostrade e piste aeroportuali",Infrastrutture,Tra 2.000.000 e 10.000.000 euro,Da 51 a 250,Presidente del consiglio di amministrazione,17/06/2011,
PI00007,16102,CO00007,822302,PE00829,"PROGETTO SVILUPPO MATESE S.R.L. IN SIGLA: ""PRO.SVI.MA. S.R.L.""",,Società a responsabilità limitata,"Piazza Roma, 1",Piedimonte Matese,CE,,Altro,Dato non disponibile,Dato non disponibile,Presidente del consiglio di amministrazione,23/12/2002,
PI00003,2052,CO00003,819346,PE00929,AGROMED SOCIETA' CONSORTILE A R.L.,02576730739,Società consortile,"Viale Virgilio, 152",Taranto,TA,Consulenza agraria,Agroalimentare,Minore o uguale a 250.000 euro,Dato non disponibile,Sindaco effettivo,20/12/2012,
PI00066,96319,CO00054,822223,PE00741,AZZURRA IMMOBILIARE S.R.L.,,Società a responsabilità limitata,"Via Carlo Marx, SNC",Città di Castello,PG,Locazione immobiliare di beni propri o in leasing (affitto),Immobiliare,Minore o uguale a 250.000 euro,Dato non disponibile,Socio,15/02/2017,
PI00067,96319,CO00054,822223,PE00741,AZZURRA IMMOBILIARE S.R.L.,,Società a responsabilità limitata,"Via Carlo Marx, SNC",Città di Castello,PG,Locazione immobiliare di beni propri o in leasing (affitto),Immobiliare,Minore o uguale a 250.000 euro,Dato non disponibile,Azionista,,100.0
PI00025,84875,CO00020,500229,PE00075,CONSORZIO PER LA VALORIZZAZIONE E LA TUTELA DEL PORRO CERVERE,,Società consortile,"Piazza Umberto, 1",Cervere,CN,Attività per la tutela di beni di produzione controllata,Altro,Minore o uguale a 250.000 euro,Dato non disponibile,Consigliere,03/08/2005,
PI00026,84875,CO00020,500229,PE00075,CONSORZIO PER LA VALORIZZAZIONE E LA TUTELA DEL PORRO CERVERE,,Società consortile,"Piazza Umberto, 1",Cervere,CN,Attività per la tutela di beni di produzione controllata,Altro,Minore o uguale a 250.000 euro,Dato non disponibile,Presidente del consiglio di amministrazione,03/08/2005,
PI00035,96289,CO00029,499584,PE00601,GIAP HOLDING S.P.A.,,Società per azioni,"74, KM.0,400",Modica,RG,Attività delle holding impegnate nelle attività gestionali (holding operative),Finanziario,Minore o uguale a 250.000 euro,Dato non disponibile,Azionista,,22.5
PI00033,93921,CO00027,819462,PE00140,IPTVNOW S.R.L.,,Società a responsabilità limitata,"Via Del Canneto, 8/A",Cagliari,CA,Telecomunicazioni fisse,Telecomunicazioni,Minore o uguale a 250.000 euro,Dato non disponibile,Consigliere,26/01/2007,
PI00086,96336,CO00068,496810,PE00871,TECNO ANALYSIS S.R.L.,,Società a responsabilità limitata,"Via Benedetto Cairoli, 4",Novara,NO,"ATTIVITÃ€ DEGLI STUDI DI ARCHITETTURA, INGEGNERIA ED ALTRI STUDI TECNICI",Immobiliare,Minore o uguale a 250.000 euro,Dato non disponibile,Consigliere,24/05/2004,
PI00087,96336,CO00068,496810,PE00871,TECNO ANALYSIS S.R.L.,,Società a responsabilità limitata,"Via Benedetto Cairoli, 4",Novara,NO,"ATTIVITÃ€ DEGLI STUDI DI ARCHITETTURA, INGEGNERIA ED ALTRI STUDI TECNICI",Immobiliare,Minore o uguale a 250.000 euro,Dato non disponibile,Azionista,,37.5
PI00238,96476,CO00167,819524,PE00180,AERRE IMMOBILIARE E FINANZIARIA S.P.A.,,Società per azioni,"Via Alberto Franchetti, 11",Pistoia,PT,Compravendita di beni immobili effettuata su beni propri,Distribuzione,Tra 2.000.000 e 10.000.000 euro,Dato non disponibile,Amministratore unico,02/11/2010,
PI00239,96476,CO00167,819524,PE00180,AERRE IMMOBILIARE E FINANZIARIA S.P.A.,,Società per azioni,"Via Alberto Franchetti, 11",Pistoia,PT,Compravendita di beni immobili effettuata su beni propri,Distribuzione,Tra 2.000.000 e 10.000.000 euro,Dato non disponibile,Azionista,,16.67
PI00267,96519,CO00189,519118,PE00507,ORIZZONTI S.R.L.,,Società a responsabilità limitata con un unico socio,"Vicolo Santa Marta, 9",Saronno,VA,Compravendita di beni immobili effettuata su beni propri,Distribuzione,Tra 250.000 e 2.000.000 euro,Dato non disponibile,Socio,09/05/2008,
PI00268,96519,CO00189,519118,PE00507,ORIZZONTI S.R.L.,,Società a responsabilità limitata con un unico socio,"Vicolo Santa Marta, 9",Saronno,VA,Compravendita di beni immobili effettuata su beni propri,Distribuzione,Tra 250.000 e 2.000.000 euro,Dato non disponibile,Azionista,,100.0
PI00276,96526,CO00195,495279,PE00857,A. SIBILIA 1920 S.R.L.,,Società a responsabilità limitata,"Via Partenio, 33",Avellino,AV,Locazione immobiliare di beni propri o in leasing (affitto),Immobiliare,Minore o uguale a 250.000 euro,Fino a 2,Azionista,,33.33
PI00140,96390,CO00104,822268,PE00036,BLUE PROJECT SRL,,Società a responsabilità limitata,"Viale Europa, 73",Belluno,BL,"Posa in opera di infissi, arredi, controsoffitti, pareti mobili e simili",Edilizia,Minore o uguale a 250.000 euro,Fino a 2,Consigliere,04/02/2008,
PI00141,96390,CO00104,822268,PE00036,BLUE PROJECT SRL,,Società a responsabilità limitata,"Viale Europa, 73",Belluno,BL,"Posa in opera di infissi, arredi, controsoffitti, pareti mobili e simili",Edilizia,Minore o uguale a 250.000 euro,Fino a 2,Presidente del consiglio di amministrazione,04/02/2008,
PI00142,96390,CO00104,822268,PE00036,BLUE PROJECT SRL,,Società a responsabilità limitata,"Viale Europa, 73",Belluno,BL,"Posa in opera di infissi, arredi, controsoffitti, pareti mobili e simili",Edilizia,Minore o uguale a 250.000 euro,Fino a 2,Azionista,,50.0
PI00106,96358,CO00081,497048,PE00114,CINQUEVIE S.R.L.,,Società a responsabilità limitata,"Piazza Della Conciliazione, 5",Milano,MI,Organizzazione di convegni e fiere,Comunicazione,Minore o uguale a 250.000 euro,Fino a 2,Azionista,,10.0
PI00042,96298,CO00035,819597,PE00206,DEA S.P.A.,,Società per azioni,"Via Vittorio Emanuele Ii, 132",Casnigo,BG,Compravendita di beni immobili effettuata su beni propri,Distribuzione,Minore o uguale a 250.000 euro,Fino a 2,Sindaco effettivo,01/07/2013,
PI00212,96457,CO00148,819059,PE00237,DFM S.R.L.,,Società a responsabilità limitata,"Largo Quinto Alpini, 1",Milano,MI,Attività delle holding impegnate nelle attività gestionali (holding operative),Finanziario,Minore o uguale a 250.000 euro,Fino a 2,Sindaco supplente,28/09/2012,
PI00300,96559,CO00211,498646,PE00878,FIGISC SERVICE SRL,,Società a responsabilità limitata,"Piazza Giuseppe Gioachino Belli, 2",Roma,RM,Altre attività di consulenza imprenditoriale e altra consulenza amministrativo-gestionale e pianificazione aziendale,Consulenza,Minore o uguale a 250.000 euro,Fino a 2,Consigliere,17/12/2018,
PI00119,96374,CO00090,818946,PE00608,GERUNDO SOCIETA A RESPONSABILITA LIMITATA,,Società a responsabilità limitata,"Via Quirino Majorana, 9",Roma,RM,Locazione immobiliare di beni propri o in leasing (affitto),Immobiliare,Minore o uguale a 250.000 euro,Fino a 2,Azionista,,50.0
PI00051,96304,CO00041,502880,PE00629,"GRUPPO VITICULTORI DEI COLLI ORIENTALI DEL FRIULI IN CORNO DI ROSAZZO - CONSORZIO PER LA VALORIZZAZIONE DI VINI PRODOTTI NEI COMUNI RICADENTI ALL'INTERNO DELLA D.O.C. ""COLLI ORIENTALI DEL FRIULI""",,Società consortile,"Piazza XXVII Maggio, 23",Corno di Rosazzo,UD,Pubbliche relazioni e comunicazione,Comunicazione,Minore o uguale a 250.000 euro,Fino a 2,Consigliere,26/02/2015,
PI00196,96441,CO00138,504545,PE00420,IMMOBILIARE DANI S.R.L.,,Società a responsabilità limitata con un unico socio,"Via Pompeo Litta, 9",Milano,MI,Locazione immobiliare di beni propri o in leasing (affitto),Immobiliare,Minore o uguale a 250.000 euro,Fino a 2,Amministratore unico,18/04/2014,
PI00197,96441,CO00138,504545,PE00420,IMMOBILIARE DANI S.R.L.,,Società a responsabilità limitata con un unico socio,"Via Pompeo Litta, 9",Milano,MI,Locazione immobiliare di beni propri o in leasing (affitto),Immobiliare,Minore o uguale a 250.000 euro,Fino a 2,Azionista,,95.0
PI00249,96490,CO00175,541583,PE00346,IMMOBILIARE ITALIANA S.R.L.,,Società a responsabilità limitata con un unico socio,"Via Della Pergola, 73",Lecco,LC,Locazione immobiliare di beni propri o in leasing (affitto),Immobiliare,Minore o uguale a 250.000 euro,Fino a 2,Amministratore unico,27/03/2012,
PI00185,96423,CO00128,736881,PE00106,MANTELLATE NOVE S.R.L.,,Società a responsabilità limitata,"Via Delle Mantellate, 9",Firenze,FI,"Gestione di uffici temporanei, uffici residence",Immobiliare,Minore o uguale a 250.000 euro,Fino a 2,Azionista,,25.0
PI00116,96373,CO00089,819343,PE00700,MICHELA IMMOBILIARE S.R.L.,,Società a responsabilità limitata con un unico socio,"Viale Giuseppe Di Vittorio, 145",Foggia,FG,Compravendita di beni immobili effettuata su beni propri,Distribuzione,Minore o uguale a 250.000 euro,Fino a 2,Amministratore unico,13/10/2003,
PI00117,96373,CO00089,819343,PE00700,MICHELA IMMOBILIARE S.R.L.,,Società a responsabilità limitata con un unico socio,"Viale Giuseppe Di Vittorio, 145",Foggia,FG,Compravendita di beni immobili effettuata su beni propri,Distribuzione,Minore o uguale a 250.000 euro,Fino a 2,Socio,13/10/2003,
PI00118,96373,CO00089,819343,PE00700,MICHELA IMMOBILIARE S.R.L.,,Società a responsabilità limitata con un unico socio,"Viale Giuseppe Di Vittorio, 145",Foggia,FG,Compravendita di beni immobili effettuata su beni propri,Distribuzione,Minore o uguale a 250.000 euro,Fino a 2,Azionista,,100.0
PI00093,96341,CO00073,819056,PE00305,"NEXTNOW SOCIETA' A RESPONSABILITA' LIMITATA IN SIGLA ""NEXTNOW S.R.L.""",,Società a responsabilità limitata,"Via Argiro, 29",Bari,BA,"ATTIVITÃ€ DEGLI STUDI DI ARCHITETTURA, INGEGNERIA ED ALTRI STUDI TECNICI",Immobiliare,Minore o uguale a 250.000 euro,Fino a 2,Azionista,,33.33
PI00200,96443,CO00140,504545,PE00420,SERVI.GEST SRL,,Società a responsabilità limitata,"Via Xxviii Aprile, 12",Cuneo,CN,Altre attività postali e di corriere senza obbligo di servizio universale,Trasporto,Minore o uguale a 250.000 euro,Fino a 2,Azionista,,33.0
PI00064,96317,CO00052,819320,PE00564,SESTANT INVESTIMENTI S.R.L.,,Società a responsabilità limitata,"Via Ovidio, 10",Roma,RM,Attività delle holding impegnate nelle attività gestionali (holding operative),Finanziario,Minore o uguale a 250.000 euro,Fino a 2,Consigliere,12/09/2016,
PI00037,96291,CO00031,734906,PE00222,VAL.CO.M. SRL,,Società a responsabilità limitata,"Via Giorgione, 1/A",Loria,TV,Fabbricazione di strutture metalliche e parti assemblate di strutture,Metallurgia,Minore o uguale a 250.000 euro,Fino a 2,Amministratore unico,29/11/2011,
PI00038,96291,CO00031,734906,PE00222,VAL.CO.M. SRL,,Società a responsabilità limitata,"Via Giorgione, 1/A",Loria,TV,Fabbricazione di strutture metalliche e parti assemblate di strutture,Metallurgia,Minore o uguale a 250.000 euro,Fino a 2,Azionista,,95.0
PI00136,96387,CO00101,819594,PE00579,DYNAMIN HOLDING S.P.A.,,Società per azioni,"Via Bisceglie, 76",Milano,MI,Attività delle holding impegnate nelle attività gestionali (holding operative),Finanziario,Tra 2.000.000 e 10.000.000 euro,Fino a 2,Azionista,,58.62
PI00235,96474,CO00165,549300,PE00770,FIERA PARKING - S.P.A.,,Società per azioni,"Largo Domodossola, 1",Milano,MI,Gestione di parcheggi e autorimesse,Altro,Tra 2.000.000 e 10.000.000 euro,Fino a 2,Sindaco supplente,20/11/2017,
PI00053,96307,CO00043,818990,PE00719,RP SAFE S.R.L.,,Società a responsabilità limitata,"Largo Cardinale Alfredo Ildefonso Schuster, 1",Milano,MI,"ATTIVITÃ€ DEGLI STUDI DI ARCHITETTURA, INGEGNERIA ED ALTRI STUDI TECNICI",Immobiliare,Tra 2.000.000 e 10.000.000 euro,Fino a 2,Azionista,,99.0
PI00122,96376,CO00092,553155,PE00151,AUTOBASEPARMA SOCIETA' A RESPONABILITA' LIMITATA,,Società a responsabilità limitata con un unico socio,"Via Reggio, 39/A",Parma,PR,Commercio all'ingrosso e al dettaglio di autovetture e di autoveicoli leggeri,Distribuzione,Tra 250.000 e 2.000.000 euro,Fino a 2,Amministratore delegato,01/08/2005,
PI00123,96376,CO00092,553155,PE00151,AUTOBASEPARMA SOCIETA' A RESPONABILITA' LIMITATA,,Società a responsabilità limitata con un unico socio,"Via Reggio, 39/A",Parma,PR,Commercio all'ingrosso e al dettaglio di autovetture e di autoveicoli leggeri,Distribuzione,Tra 250.000 e 2.000.000 euro,Fino a 2,Consigliere,30/04/2005,
PI00124,96376,CO00092,553155,PE00151,AUTOBASEPARMA SOCIETA' A RESPONABILITA' LIMITATA,,Società a responsabilità limitata con un unico socio,"Via Reggio, 39/A",Parma,PR,Commercio all'ingrosso e al dettaglio di autovetture e di autoveicoli leggeri,Distribuzione,Tra 250.000 e 2.000.000 euro,Fino a 2,Socio,19/01/2011,
PI00125,96376,CO00092,553155,PE00151,AUTOBASEPARMA SOCIETA' A RESPONABILITA' LIMITATA,,Società a responsabilità limitata con un unico socio,"Via Reggio, 39/A",Parma,PR,Commercio all'ingrosso e al dettaglio di autovetture e di autoveicoli leggeri,Distribuzione,Tra 250.000 e 2.000.000 euro,Fino a 2,Azionista,,100.0
PI00209,96455,CO00146,536084,PE00972,BE PROUD S.R.L.,,Società a responsabilità limitata,"Galleria Delle Porte Contarine, 4",Padova,PD,Organizzazione di convegni e fiere,Comunicazione,Tra 250.000 e 2.000.000 euro,Fino a 2,Amministratore unico,09/04/2015,
PI00210,96455,CO00146,536084,PE00972,BE PROUD S.R.L.,,Società a responsabilità limitata,"Galleria Delle Porte Contarine, 4",Padova,PD,Organizzazione di convegni e fiere,Comunicazione,Tra 250.000 e 2.000.000 euro,Fino a 2,Azionista,,52.0
PI00204,96445,CO00142,504545,PE00420,BIOFOOD ITALIA S.R.L.,,Società a responsabilità limitata con un unico socio,"Via Pompeo Litta, 9",Milano,MI,Attività delle holding impegnate nelle attività gestionali (holding operative),Finanziario,Tra 250.000 e 2.000.000 euro,Fino a 2,Amministratore unico,29/01/2015,
PI00192,96437,CO00134,819521,PE00795,BRANCA REAL ESTATE S.R.L. O IN BREVE BRANCA RE S.R.L.,,Società a responsabilità limitata,"Via Broletto, 35",Milano,MI,Locazione immobiliare di beni propri o in leasing (affitto),Immobiliare,Tra 250.000 e 2.000.000 euro,Fino a 2,Consigliere,04/05/2006,
PI00167,96401,CO00114,495860,PE00256,CASE DEL PORTO S.R.L.,,Società a responsabilità limitata,"Via Genova, 49",Olbia,SS,Costruzione di edifici residenziali e non residenziali,Edlizia,Tra 250.000 e 2.000.000 euro,Fino a 2,Azionista,,6.0
PI00236,96475,CO00166,819524,PE00180,CM4 S.P.A.,,Società per azioni,"Via Alberto Franchetti, 11",Pistoia,PT,Compravendita di beni immobili effettuata su beni propri,Distribuzione,Tra 250.000 e 2.000.000 euro,Fino a 2,Amministratore unico,30/04/1993,
PI00237,96475,CO00166,819524,PE00180,CM4 S.P.A.,,Società per azioni,"Via Alberto Franchetti, 11",Pistoia,PT,Compravendita di beni immobili effettuata su beni propri,Distribuzione,Tra 250.000 e 2.000.000 euro,Fino a 2,Azionista,,33.33
PI00178,96416,CO00123,819334,PE00045,EUROSPORT SOCIETA' RESPONSABILITA LIMITATA,,Società a responsabilità limitata,"Largo Paolo Mattei Gentili, 30",Roma,RM,Gestione di palestre,Sport,Tra 250.000 e 2.000.000 euro,Fino a 2,Consigliere,22/09/2010,
PI00179,96416,CO00123,819334,PE00045,EUROSPORT SOCIETA' RESPONSABILITA LIMITATA,,Società a responsabilità limitata,"Largo Paolo Mattei Gentili, 30",Roma,RM,Gestione di palestre,Sport,Tra 250.000 e 2.000.000 euro,Fino a 2,Azionista,,12.5
PI00034,96288,CO00028,499584,PE00601,FILGEST S.R.L.,,Società a responsabilità limitata,"Strada Provinciale 74, KM.0,400",Modica,RG,Attività delle holding impegnate nelle attività gestionali (holding operative),Finanziario,Tra 250.000 e 2.000.000 euro,Fino a 2,Azionista,,22.5
PI00155,96397,CO00110,494826,PE00304,GDF SYSTEM S.R.L.,,Società a responsabilità limitata,"Via Milanese, 3",Sesto San Giovanni,MI,Costruzione di edifici residenziali e non residenziali,Edlizia,Tra 250.000 e 2.000.000 euro,Fino a 2,Consigliere,30/01/2018,
PI00156,96397,CO00110,494826,PE00304,GDF SYSTEM S.R.L.,,Società a responsabilità limitata,"Via Milanese, 3",Sesto San Giovanni,MI,Costruzione di edifici residenziali e non residenziali,Edlizia,Tra 250.000 e 2.000.000 euro,Fino a 2,Presidente del consiglio di amministrazione,06/02/2018,
PI00157,96397,CO00110,494826,PE00304,GDF SYSTEM S.R.L.,,Società a responsabilità limitata,"Via Milanese, 3",Sesto San Giovanni,MI,Costruzione di edifici residenziali e non residenziali,Edlizia,Tra 250.000 e 2.000.000 euro,Fino a 2,Azionista,,1.0
PI00145,96394,CO00107,494826,PE00304,GRUPPO DELLA FRERA S.P.A. O IN FORMA ABBREVIATA GDF GROUP S.P.A.,,Società per azioni,"Via Milanese, 3",Sesto San Giovanni,MI,Attività delle holding impegnate nelle attività gestionali (holding operative),Finanziario,Tra 250.000 e 2.000.000 euro,Fino a 2,Consigliere,18/03/2013,
PI00146,96394,CO00107,494826,PE00304,GRUPPO DELLA FRERA S.P.A. O IN FORMA ABBREVIATA GDF GROUP S.P.A.,,Società per azioni,"Via Milanese, 3",Sesto San Giovanni,MI,Attività delle holding impegnate nelle attività gestionali (holding operative),Finanziario,Tra 250.000 e 2.000.000 euro,Fino a 2,Presidente del consiglio di amministrazione,18/03/2013,
PI00147,96394,CO00107,494826,PE00304,GRUPPO DELLA FRERA S.P.A. O IN FORMA ABBREVIATA GDF GROUP S.P.A.,,Società per azioni,"Via Milanese, 3",Sesto San Giovanni,MI,Attività delle holding impegnate nelle attività gestionali (holding operative),Finanziario,Tra 250.000 e 2.000.000 euro,Fino a 2,Azionista,,81.0
PI00180,96418,CO00124,504606,PE00668,GURUS S.R.L.,,Società a responsabilità limitata,"Via Faentina, 44",Brisighella,RA,Fabbricazione di apparecchi per la riproduzione e registrazione del suono e delle immagini,Elettronica,Tra 250.000 e 2.000.000 euro,Fino a 2,Amministratore,11/07/2014,
PI00181,96418,CO00124,504606,PE00668,GURUS S.R.L.,,Società a responsabilità limitata,"Via Faentina, 44",Brisighella,RA,Fabbricazione di apparecchi per la riproduzione e registrazione del suono e delle immagini,Elettronica,Tra 250.000 e 2.000.000 euro,Fino a 2,Azionista,,20.0
PI00230,96471,CO00162,822170,PE00529,H.C. CONSULTING SRL,,Società a responsabilità limitata,"Piazza Attias, 21/C",Livorno,LI,Spedizionieri e agenzie di operazioni doganali,Trasporto,Tra 250.000 e 2.000.000 euro,Fino a 2,Azionista,,30.0
PI00217,96461,CO00152,751900,PE00807,IL GLOBO - S.R.L.,,Società a responsabilità limitata,"Via Armando Fabi, 177",Frosinone,FR,Locazione immobiliare di beni propri o in leasing (affitto),Immobiliare,Tra 250.000 e 2.000.000 euro,Fino a 2,Azionista,,11.67
PI00188,96434,CO00131,819003,PE00935,IWS ITALY WORLD SERVICES S.R.L.,,Società a responsabilità limitata,"Via Vittoria Colonna, 11",Roma,RM,Pubbliche relazioni e comunicazione,Comunicazione,Tra 250.000 e 2.000.000 euro,Fino a 2,Azionista,,31.0
PI00271,96521,CO00191,519118,PE00507,KREA CONTRACT S.R.L.,,Società a responsabilità limitata,"Vicolo Santa Marta, 9",Saronno,VA,Fabbricazione di altri mobili per ufficio e negozi,Manifatturiero,Tra 250.000 e 2.000.000 euro,Fino a 2,Amministratore unico,16/04/2007,
PI00272,96521,CO00191,519118,PE00507,KREA CONTRACT S.R.L.,,Società a responsabilità limitata,"Vicolo Santa Marta, 9",Saronno,VA,Fabbricazione di altri mobili per ufficio e negozi,Manifatturiero,Tra 250.000 e 2.000.000 euro,Fino a 2,Azionista,,66.67
PI00280,96530,CO00198,819223,PE00532,LINAS S.R.L.,,Società a responsabilità limitata,"Viale Regina Margherita, 6",Cagliari,CA,Locazione immobiliare di beni propri o in leasing (affitto),Immobiliare,Tra 250.000 e 2.000.000 euro,Fino a 2,Amministratore unico,04/12/1984,
PI00281,96530,CO00198,819223,PE00532,LINAS S.R.L.,,Società a responsabilità limitata,"Viale Regina Margherita, 6",Cagliari,CA,Locazione immobiliare di beni propri o in leasing (affitto),Immobiliare,Tra 250.000 e 2.000.000 euro,Fino a 2,Azionista,,60.0
PI00065,96318,CO00053,819320,PE00564,MAGGIO RE S.R.L. - UNIPERSONALE,,Società a responsabilità limitata con un unico socio,"Localita' Ai Conti, SNC",Barga,LU,Locazione immobiliare di beni propri o in leasing (affitto),Immobiliare,Tra 250.000 e 2.000.000 euro,Fino a 2,Consigliere,15/06/2012,
PI00245,96481,CO00172,819524,PE00180,MC HOTEL & RESTAURANT SRL,,Società a responsabilità limitata con un unico socio,"Via Alberto Franchetti, 11",Pistoia,PT,Bar e altri esercizi simili senza cucina,Turismo e ristorazione,Tra 250.000 e 2.000.000 euro,Fino a 2,Amministratore unico,30/03/2010,
PI00072,96324,CO00058,504345,PE00625,NEGOTIUM ASSICURAZIONI DI MORGONI MARIO E MARCANTONI GIUSEPPE S.N.C.,,Società in nome collettivo,"Via Silvio Zavatti, 10",Civitanova Marche,MC,Agenti di assicurazioni,Finanziario,Tra 250.000 e 2.000.000 euro,Fino a 2,Socio,10/07/2017,
PI00073,96324,CO00058,504345,PE00625,NEGOTIUM ASSICURAZIONI DI MORGONI MARIO E MARCANTONI GIUSEPPE S.N.C.,,Società in nome collettivo,"Via Silvio Zavatti, 10",Civitanova Marche,MC,Agenti di assicurazioni,Finanziario,Tra 250.000 e 2.000.000 euro,Fino a 2,Azionista,,50.0
PI00060,96313,CO00048,819320,PE00564,SAN QUIRICO S.R.L.,,Società a responsabilità limitata,"Localita' Ai Conti, SNC",Barga,LU,Compravendita di beni immobili effettuata su beni propri,Distribuzione,Tra 250.000 e 2.000.000 euro,Fino a 2,Azionista,,76.39
PI00263,96515,CO00185,822245,PE00822,SER LUCA S.R.L.,,Società a responsabilità limitata,"Ser Luca Calabaia, SNC",Belvedere Marittimo,CS,Alberghi,Turismo e ristorazione,Tra 250.000 e 2.000.000 euro,Fino a 2,Azionista,,30.0
PI00107,96361,CO00082,822214,PE00984,SOCIETA' COOPERATIVA BIOANCH'IO,,Società cooperativa diversa,"Via Francia, 17",Curtatone,MN,Commercio al dettaglio in esercizi non specializzati con prevalenza di prodotti alimentari e bevande,Distribuzione,Tra 250.000 e 2.000.000 euro,Fino a 2,Consigliere,07/12/2011,
PI00100,96354,CO00078,848522,PE00556,SPEM S.R.L.,,Società a responsabilità limitata,"Corso Venezia, 61",Milano,MI,Compravendita di beni immobili effettuata su beni propri,Distribuzione,Tra 250.000 e 2.000.000 euro,Fino a 2,Azionista,,15.0
PI00091,96339,CO00071,541134,PE00093,"STUDIO BITONCI, MENDO & ASSOCIATI S.R.L.",,Società a responsabilità limitata,"Via Antenore, 2",Cittadella,PD,"Servizi forniti da revisori contabili, periti, consulenti ed altri soggetti che svolgono attività in materia di amministrazione, contabilità e tributi",Consulenza,Tra 250.000 e 2.000.000 euro,Fino a 2,Azionista,,50.0
PI00219,96463,CO00154,819540,PE00143,TAICA S.R.L.,,Società a responsabilità limitata,"Via Del Gallitello, 55",Potenza,PZ,Compravendita di beni immobili effettuata su beni propri,Distribuzione,Tra 250.000 e 2.000.000 euro,Fino a 2,Amministratore unico,20/01/2005,
PI00220,96463,CO00154,819540,PE00143,TAICA S.R.L.,,Società a responsabilità limitata,"Via Del Gallitello, 55",Potenza,PZ,Compravendita di beni immobili effettuata su beni propri,Distribuzione,Tra 250.000 e 2.000.000 euro,Fino a 2,Azionista,,5.0
PI00055,96310,CO00045,819552,PE00765,TERRA FELICE S.R.L.,,Società a responsabilità limitata,"Via Sabaudia, 119/P",San Felice Circeo,LT,"Affittacamere per brevi soggiorni, case ed appartamenti per vacanze, bed and breakfast, residence",Turismo e ristorazione,Tra 250.000 e 2.000.000 euro,Fino a 2,Azionista,,7.0
PI00274,96523,CO00193,819346,PE00929,TERUS DI TURCO S.R.L.,02970280737,Società a responsabilità limitata,"Corso Umberto I, 169/B",Taranto,TA,Agenti di assicurazioni,Finanziario,Tra 250.000 e 2.000.000 euro,Fino a 2,Azionista,,22.0
PI00286,96546,CO00201,822303,PE00963,VISA S.R.L.,,Società a responsabilità limitata,"Via San Vincenzo, 2",San Valentino Torio,SA,Commercio all'ingrosso e al dettaglio di altri autoveicoli,Distribuzione,Tra 250.000 e 2.000.000 euro,Fino a 2,Azionista,,90.0
PI00303,,CO00213,Variati Achille,PE00947,CASSA DEPOSITI E PRESTITI SOCIETA' PER AZIONI,07756511007,Società per azioni,"Via Goito, 4",Roma,RM,Attività di finanziamento sotto qualsiasi forma,Finanziario,Dato non disponibile,Più di 250,Consigliere,06/09/2018,
PI00193,96438,CO00135,819521,PE00795,ARNOLDO MONDADORI EDITORE SPA,,Società per azioni,"Via Bianca Di Savoia, 12",Milano,MI,Edizione di riviste e periodici,Editoria,Maggiore di 50.000.000 euro,Più di 250,Consigliere,19/04/2012,
PI00170,96410,CO00117,819234,PE00077,BENELLI ARMI S.P.A.,,Società per azioni,"Via Della Stazione, 50",Urbino,PU,Fabbricazione di armi e munizioni,Difesa,Maggiore di 50.000.000 euro,Più di 250,Consigliere,03/05/2016,
PI00023,82542,CO00018,819524,PE00180,CARTIERE CARRARA S.P.A.,,Società per azioni,"Viale Spartaco Lavagnini, 41",Firenze,FI,Fabbricazione di carta e cartone,Manifatturiero,Maggiore di 50.000.000 euro,Più di 250,Azionista,,16.82
PI00005,6623,CO00005,548724,PE00091,CONTARINA S.P.A.,,Società per azioni,"Via Vittorio Veneto, 6",Spresiano,TV,Raccolta di rifiuti solidi non pericolosi,Gestione rifiuti,Maggiore di 50.000.000 euro,Più di 250,Consigliere,06/08/2016,
PI00061,96314,CO00049,819320,PE00564,KEDRION S.P.A.,,Società per azioni,"Localita' Ai Conti, SNC",Barga,LU,Fabbricazione di medicinali ed altri preparati farmaceutici,Farmaceutica,Maggiore di 50.000.000 euro,Più di 250,Consigliere,28/05/2010,
PI00020,80976,CO00016,822312,PE00223,PIAGGIO & C. S.P.A.,,Società per azioni,"Viale Rinaldo Piaggio, 25",Pontedera,PI,Fabbricazione di motocicli,Manifatturiero,Maggiore di 50.000.000 euro,Più di 250,Consigliere,23/10/2003,
PI00021,80976,CO00016,822312,PE00223,PIAGGIO & C. S.P.A.,,Società per azioni,"Viale Rinaldo Piaggio, 25",Pontedera,PI,Fabbricazione di motocicli,Manifatturiero,Maggiore di 50.000.000 euro,Più di 250,Vice Presidente del consiglio di amministrazione,11/06/2004,
PI00075,96327,CO00060,607940,PE00898,S.I.T.E.M. - S.P.A.,,Società per azioni,"Localita' Cannaiola, SNC",Trevi,PG,"Fucinatura, imbutitura, stampaggio e profilatura dei metalli metallurgia delle polveri",Metallurgia,Maggiore di 50.000.000 euro,Più di 250,Consigliere,06/04/2010,
PI00019,80005,CO00015,822321,PE00474,"SYNDIAL SERVIZI AMBIENTALI S.P.A. O IN FORMA ABBREVIATA ""SYNDIAL S.P.A.""",,Società per azioni,"Piazza Marcello Boldrini, 1",San Donato Milanese,MI,Altre attività di risanamento e altri servizi di gestione dei rifiuti,Gestione rifiuti,Maggiore di 50.000.000 euro,Più di 250,Sindaco supplente,15/04/2014,
PI00029,86139,CO00023,822321,PE00474,VERSALIS S.P.A.,,Società per azioni,"Piazza Marcello Boldrini, 1",San Donato Milanese,MI,"FABBRICAZIONE DI PRODOTTI CHIMICI DI BASE, DI FERTILIZZANTI E COMPOSTI AZOTATI, DI MATERIE PLASTICHE E GOMMA SINTETICA IN FORME PRIMARIE",Chimico,Maggiore di 50.000.000 euro,Più di 250,Sindaco effettivo,23/04/2013,
PI00015,30100,CO00012,541847,PE00044,ALTO TREVIGIANO SERVIZI S.R.L.,,Società a responsabilità limitata,"Via Schiavonesca Priula, 86",Montebelluna,TV,"Raccolta, trattamento e fornitura di acqua",Forniture,Tra 10.000.000 e 50.000.000 euro,Più di 250,Consigliere,22/07/2016,
PI00016,30100,CO00012,541847,PE00044,ALTO TREVIGIANO SERVIZI S.R.L.,,Società a responsabilità limitata,"Via Schiavonesca Priula, 86",Montebelluna,TV,"Raccolta, trattamento e fornitura di acqua",Forniture,Tra 10.000.000 e 50.000.000 euro,Più di 250,Presidente del consiglio di amministrazione,22/07/2016,
PI00017,31493,CO00013,822241,PE00131,CAFC S.P.A.,,Società per azioni,"Viale Palmanova, 192",Udine,UD,"Raccolta, trattamento e fornitura di acqua",Forniture,Tra 10.000.000 e 50.000.000 euro,Più di 250,Consigliere,07/06/2017,
PI00031,90467,CO00025,819597,PE00206,MAGNAGHI AERONAUTICA S.P.A.,,Società per azioni,"Via Galileo Ferraris, 76/80",Napoli,NA,"Fabbricazione di aeromobili, di veicoli spaziali e dei relativi dispositivi nca",Aerospaziale,Tra 10.000.000 e 50.000.000 euro,Più di 250,Sindaco supplente,23/04/2018,
PI00260,96514,CO00184,822245,PE00822,CINE BINGO - SOCIETA' PER AZIONI,,Società per azioni,"Via Palazza, 55",Belvedere Marittimo,CS,Altre attività connesse con le lotterie e le scommesse,Lotterie e scommesse,Tra 2.000.000 e 10.000.000 euro,Più di 250,Consigliere,18/09/2001,
PI00261,96514,CO00184,822245,PE00822,CINE BINGO - SOCIETA' PER AZIONI,,Società per azioni,"Via Palazza, 55",Belvedere Marittimo,CS,Altre attività connesse con le lotterie e le scommesse,Lotterie e scommesse,Tra 2.000.000 e 10.000.000 euro,Più di 250,Presidente del consiglio di amministrazione,18/09/2001,
PI00262,96514,CO00184,822245,PE00822,CINE BINGO - SOCIETA' PER AZIONI,,Società per azioni,"Via Palazza, 55",Belvedere Marittimo,CS,Altre attività connesse con le lotterie e le scommesse,Lotterie e scommesse,Tra 2.000.000 e 10.000.000 euro,Più di 250,Azionista,,40.0
PI00213,96458,CO00149,819059,PE00237,COOPERATIVA SOCIALE VILLA MARIA,,Società cooperativa sociale,"Via Castel Beseno, 8",Calliano,TN,Strutture di assistenza residenziale per anziani e disabili,Sanità,Tra 2.000.000 e 10.000.000 euro,Più di 250,Sindaco supplente,15/05/2004,
