company_id_openpolis,company_id_transparency,person_id_openpolis,person_id_transparency,company_name,company_vat,company_type,company_headquarter_address,company_headquarter_municipality,company_headquarter_province,company_sector_description,company_transparency_sector,company_turnover_range,company_employees_range,person_company_role,person_company_role_starting_date,person_company_share_%
96348,,819616,,GESTIONI BENACENSI S.P.A.,,Società per azioni,"Via Fossalta, 42",Lazise,VR,Aree di campeggio e aree attrezzate per camper e roulotte,,compreso tra 10.000.000 e 50.000.000,compreso tra 11 e 50,Amministratore unico,16/11/2016,
96308,,818990,,"RENZO PIANO BUILDING WORKSHOP - S.R.L. SIGLABILE ""R.P.B.W. - S.R.L.""",,Società a responsabilità limitata con un unico socio,"Via Pietro Paolo Rubens, 29",Genova,GE,Attività degli studi di architettura,Architettura,compreso tra 10.000.000 e 50.000.000,compreso tra 11 e 50,Consigliere,09/01/2012,
96350,,644832,,EDILE S.P.A.,,Società per azioni,"Piazza Generale Armando Diaz, 1",Milano,MI,Costruzione di edifici residenziali e non residenziali,Edlizia,compreso tra 10.000.000 e 50.000.000,compreso tra 11 e 50,Consigliere,21/12/2018,
96350,,644832,,EDILE S.P.A.,,Società per azioni,"Piazza Generale Armando Diaz, 1",Milano,MI,Costruzione di edifici residenziali e non residenziali,Edlizia,compreso tra 10.000.000 e 50.000.000,compreso tra 11 e 50,Presidente del consiglio di amministrazione,13/02/2019,
96297,,819597,,ESAUTOMOTION S.P.A.,,Società per azioni,"Via Della Meccanica, 23/1",Carpi,MO,"Installazione di strumenti ed apparecchi di misurazione, controllo, prova, navigazione e simili (incluse le apparecchiature di controllo dei processi industriali)",,compreso tra 10.000.000 e 50.000.000,compreso tra 11 e 50,Consigliere,28/06/2018,
96321,,819316,,IMMOBILIARE IDRA S.P.A.,,Società per azioni,"Residenza Parco, SNC",Segrate,MI,Locazione immobiliare di beni propri o in leasing (affitto),Immobiliare,compreso tra 10.000.000 e 50.000.000,compreso tra 11 e 50,Consigliere,28/04/2004,
96472,,494879,,NOVARA LAGHI S.R.L.,,Società a responsabilità limitata,"Corso Vercelli, 2/I",Novara,NO,Agenti di assicurazioni,Assicurazioni,compreso tra 2.000.000 e 10.000.000,compreso tra 11 e 50,Consigliere,11/11/2013,
96472,,494879,,NOVARA LAGHI S.R.L.,,Società a responsabilità limitata,"Corso Vercelli, 2/I",Novara,NO,Agenti di assicurazioni,Assicurazioni,compreso tra 2.000.000 e 10.000.000,compreso tra 11 e 50,Presidente del consiglio di amministrazione,05/02/2015,
96472,,494879,,NOVARA LAGHI S.R.L.,,Società a responsabilità limitata,"Corso Vercelli, 2/I",Novara,NO,Agenti di assicurazioni,Assicurazioni,compreso tra 2.000.000 e 10.000.000,compreso tra 11 e 50,Azionista,,26.0
96516,,822245,,FORTALEZA - SOCIETA' A RESPONSABILITA' LIMITATA,,Società a responsabilità limitata,"Via Salaria, 35/37",Roma,RM,Altre attività connesse con le lotterie e le scommesse,,compreso tra 2.000.000 e 10.000.000,compreso tra 11 e 50,Azionista,,30.0
96412,,818987,,EURO SERVICE GROUP S.P.A. IN SIGLA ESG S.P.A.,,Società per azioni,"Via Francesco Gentile, 135",Roma,RM,Altre intermediazioni finanziarie nca,,compreso tra 2.000.000 e 10.000.000,compreso tra 11 e 50,Azionista,,20.0
96320,,819222,,"FINANZIARIA D'INVESTIMENTO FININVEST S.P.A. O, IN FORMA ABBREVIATA ""FININVEST S.P.A.""",,Società per azioni,"Largo Del Nazareno, 8",Roma,RM,Attività delle holding impegnate nelle attività gestionali (holding operative),Finanziario,compreso tra 2.000.000 e 10.000.000,compreso tra 11 e 50,Consigliere,12/05/2003,
96320,,819316,,"FINANZIARIA D'INVESTIMENTO FININVEST S.P.A. O, IN FORMA ABBREVIATA ""FININVEST S.P.A.""",,Società per azioni,"Largo Del Nazareno, 8",Roma,RM,Attività delle holding impegnate nelle attività gestionali (holding operative),Finanziario,compreso tra 2.000.000 e 10.000.000,compreso tra 11 e 50,Consigliere,04/10/2005,
96548,,822312,,IMMSI S.P.A.,,Società per azioni,"Piazza Vilfredo Pareto, 3",Mantova,MN,Attività delle holding impegnate nelle attività gestionali (holding operative),Finanziario,compreso tra 2.000.000 e 10.000.000,compreso tra 11 e 50,Consigliere,31/01/2003,
96480,,819524,,A.S. PISTOIA BASKET 2000 S.R.L.,,Società a responsabilità limitata,"Via Enrico Fermi, 100",Pistoia,PT,Attività di club sportivi,Sport,compreso tra 2.000.000 e 10.000.000,compreso tra 11 e 50,Consigliere,26/10/2006,
96480,,819524,,A.S. PISTOIA BASKET 2000 S.R.L.,,Società a responsabilità limitata,"Via Enrico Fermi, 100",Pistoia,PT,Attività di club sportivi,Sport,compreso tra 2.000.000 e 10.000.000,compreso tra 11 e 50,Azionista,,2.0
96529,,541252,,G. CANDIANI - S.R.L.,,Società a responsabilità limitata,"Via Monte San Michele, 82, 21049",Tradate,VA,Fabbricazione di imballaggi in materie plastiche,,compreso tra 2.000.000 e 10.000.000,compreso tra 11 e 50,Azionista,,5.0
96456,,819059,,C.M.V.-COSTRUZIONI MECCANICHE VALENTINI S.P.A.,,Società per azioni,"Via Nazionale, 28",Sella Giudicarie,TN,Fabbricazione di macchine per la metallurgia (incluse parti e accessori),,compreso tra 2.000.000 e 10.000.000,compreso tra 11 e 50,Sindaco supplente,14/06/2012,
96425,,819473,,BIOCHIM S.R.L.,,Società a responsabilità limitata,"Via Roberto Sarfatti, 3",Milano,MI,Fabbricazione di prodotti chimici nca,Chimici,compreso tra 2.000.000 e 10.000.000,compreso tra 11 e 50,Azionista,,23.67
96544,,498501,,TICINO PLAST S.R.L.,,Società a responsabilità limitata,"Via Paolo Camillo Marliani, 5",Busto Arsizio,VA,"Fabbricazione di stampi, portastampi, sagome, forme per macchine",,compreso tra 2.000.000 e 10.000.000,compreso tra 11 e 50,Consigliere,24/10/2008,
96544,,498501,,TICINO PLAST S.R.L.,,Società a responsabilità limitata,"Via Paolo Camillo Marliani, 5",Busto Arsizio,VA,"Fabbricazione di stampi, portastampi, sagome, forme per macchine",,compreso tra 2.000.000 e 10.000.000,compreso tra 11 e 50,Azionista,,50.0
96356,,822226,,NOVELLA CONSERVE ALIMENTARI S.R.L.,,Società a responsabilità limitata,"Via Alessandro Volta, 115",Badia Polesine,RO,Lavorazione e conservazione di frutta e di ortaggi (esclusi i succhi di frutta e di ortaggi),Agroalimentare,compreso tra 2.000.000 e 10.000.000,compreso tra 11 e 50,Consigliere,17/04/2012,
96356,,822226,,NOVELLA CONSERVE ALIMENTARI S.R.L.,,Società a responsabilità limitata,"Via Alessandro Volta, 115",Badia Polesine,RO,Lavorazione e conservazione di frutta e di ortaggi (esclusi i succhi di frutta e di ortaggi),Agroalimentare,compreso tra 2.000.000 e 10.000.000,compreso tra 11 e 50,Presidente del consiglio di amministrazione,17/04/2012,
96356,,822226,,NOVELLA CONSERVE ALIMENTARI S.R.L.,,Società a responsabilità limitata,"Via Alessandro Volta, 115",Badia Polesine,RO,Lavorazione e conservazione di frutta e di ortaggi (esclusi i succhi di frutta e di ortaggi),Agroalimentare,compreso tra 2.000.000 e 10.000.000,compreso tra 11 e 50,Azionista,,20.0
96528,,495279,,FEDERCALCIO SERVIZI - SOCIETA' A RESPONSABILITA' LIMITATA,,Società a responsabilità limitata,"Via Campania, 47",Roma,RM,Locazione immobiliare di beni propri o in leasing (affitto),Immobiliare,compreso tra 2.000.000 e 10.000.000,compreso tra 11 e 50,Consigliere,08/11/2018,
96528,,495279,,FEDERCALCIO SERVIZI - SOCIETA' A RESPONSABILITA' LIMITATA,,Società a responsabilità limitata,"Via Campania, 47",Roma,RM,Locazione immobiliare di beni propri o in leasing (affitto),Immobiliare,compreso tra 2.000.000 e 10.000.000,compreso tra 11 e 50,Presidente del consiglio di amministrazione,08/11/2018,
96464,,819232,,"FININVEST REAL ESTATE & SERVICES S.P.A. O, IN FORMA ABBREVIATA, FININVEST RES S.P.A.",,Società per azioni,"Via Pietro Paleocapa, 3",Milano,MI,Locazione immobiliare di beni propri o in leasing (affitto),Immobiliare,compreso tra 2.000.000 e 10.000.000,compreso tra 11 e 50,Consigliere,28/04/2017,
96464,,819232,,"FININVEST REAL ESTATE & SERVICES S.P.A. O, IN FORMA ABBREVIATA, FININVEST RES S.P.A.",,Società per azioni,"Via Pietro Paleocapa, 3",Milano,MI,Locazione immobiliare di beni propri o in leasing (affitto),Immobiliare,compreso tra 2.000.000 e 10.000.000,compreso tra 11 e 50,Presidente del consiglio di amministrazione,28/04/2017,
96385,,822259,,MORETTO CAR SERVICE S.R.L.,,Società a responsabilità limitata,"Via Mocenigo, 21",Portogruaro,VE,Manutenzione e riparazione di autoveicoli,,compreso tra 2.000.000 e 10.000.000,compreso tra 11 e 50,Azionista,,60.0
96497,,494583,,PELLEREI ENERGIA SOCIETA' AGRICOLA S.R.L.,,Società a responsabilità limitata,"Via Spolina, 83",Cossato,BI,Produzione di energia elettrica,Energia,compreso tra 2.000.000 e 10.000.000,compreso tra 11 e 50,Sindaco effettivo,21/12/2017,
6456,,819329,,PARCO SCIENTIFICO TECNOLOGICO PER L'AMBIENTE - ENVIRONMENT PARK TORINO S.P.A. IN VERSIONE ABBREVIATA ENVIRONMENT PARK S.P.A.,,Società per azioni,"Galleria San Federico, 54",Torino,TO,Ricerca e sviluppo sperimentale nel campo delle altre scienze naturali e dell'ingegneria,,compreso tra 2.000.000 e 10.000.000,compreso tra 11 e 50,Consigliere,27/12/2017,
96299,,536663,,SANT'ANTONIO SOCIETA' PER AZIONI,,Società per azioni,"Giampietro Chironi, 3",Cagliari,CA,Servizi ospedalieri,Sanità,compreso tra 2.000.000 e 10.000.000,compreso tra 11 e 50,Consigliere,14/02/2003,
96299,,536663,,SANT'ANTONIO SOCIETA' PER AZIONI,,Società per azioni,"Giampietro Chironi, 3",Cagliari,CA,Servizi ospedalieri,Sanità,compreso tra 2.000.000 e 10.000.000,compreso tra 11 e 50,Presidente del consiglio di amministrazione,26/07/2017,
96299,,536663,,SANT'ANTONIO SOCIETA' PER AZIONI,,Società per azioni,"Giampietro Chironi, 3",Cagliari,CA,Servizi ospedalieri,Sanità,compreso tra 2.000.000 e 10.000.000,compreso tra 11 e 50,Azionista,,22.0
96422,,646831,,SUPERMERCATI SAN VALENTINO S.R.L.,,Società a responsabilità limitata,"Via Antonio Lora, 9/11",Trissino,VI,Sviluppo di progetti immobiliari senza costruzione,,compreso tra 2.000.000 e 10.000.000,compreso tra 11 e 50,Consigliere,10/05/2019,
96315,,819320,,IL CIOCCO S.P.A.,,Società per azioni,0 - Castelvecchio Pascoli,Barga,LU,Sviluppo di progetti immobiliari senza costruzione,,compreso tra 2.000.000 e 10.000.000,compreso tra 11 e 50,Consigliere,20/12/2012,
96556,,819027,,SM 1619 RAGUSA S.R.L.,,Società a responsabilità limitata,"Via Enrico Cialdini, 19",Torino,TO,Alberghi,Turismo,compreso tra 250.000 e 2.000.000,compreso tra 11 e 50,Amministratore unico,12/09/2016,
96479,,819524,,HOTEL RESIDENCE ESPLANADE S.R.L.,,Società a responsabilità limitata,"Ri Ripa Castel Traetti, 1",Pistoia,PT,Alberghi,Turismo,compreso tra 250.000 e 2.000.000,compreso tra 11 e 50,Azionista,,2.78
96326,,822251,,HYA SRL,,Società a responsabilità limitata,"Via Giuseppe Mazzini, 150",Agrigento,AG,Altre attività postali e di corriere senza obbligo di servizio universale,,compreso tra 250.000 e 2.000.000,compreso tra 11 e 50,Azionista,,19.0
96469,,819575,,IL MAESTRALE COOPERATIVA SOCIALE ONLUS,,Società cooperativa diversa,"Via Luigi Dottesio, 8",Como,CO,Assistenza sociale non residenziale per anziani e disabili,Sociale,compreso tra 250.000 e 2.000.000,compreso tra 11 e 50,Vice Presidente del consiglio di amministrazione,29/04/2016,
96462,,819540,,POTENZA CALCIO S.R.L.,,Società a responsabilità limitata,"Via Nazario Sauro, 124",Potenza,PZ,Attività di club sportivi,Sport,compreso tra 250.000 e 2.000.000,compreso tra 11 e 50,Azionista,,80.0
96413,,498977,,NOVA VERDE SRL,,Società a responsabilità limitata,"Via Romanzani, 20",Novara,NO,"Cura e manutenzione del paesaggio (inclusi parchi, giardini e aiuole)",,compreso tra 250.000 e 2.000.000,compreso tra 11 e 50,Azionista,,50.0
96495,,494583,,E.D.A. S.R.L. SOCIETA' TRA PROFESSIONISTI,,Società a responsabilità limitata,"Via Giovanni Battista Botalla, 3",Biella,BI,Elaborazione elettronica di dati contabili (esclusi i Centri di assistenza fiscale - Caf),,compreso tra 250.000 e 2.000.000,compreso tra 11 e 50,Azionista,,5.0
96328,,495024,,SERVIZI IM.PR.ESA S.R.L.,,Società a responsabilità limitata,"Via Altinia, 211/V",Venezia,VE,Elaborazione elettronica di dati contabili (esclusi i Centri di assistenza fiscale - Caf),,compreso tra 250.000 e 2.000.000,compreso tra 11 e 50,Consigliere,22/07/2016,
96328,,495024,,SERVIZI IM.PR.ESA S.R.L.,,Società a responsabilità limitata,"Via Altinia, 211/V",Venezia,VE,Elaborazione elettronica di dati contabili (esclusi i Centri di assistenza fiscale - Caf),,compreso tra 250.000 e 2.000.000,compreso tra 11 e 50,Presidente del consiglio di amministrazione,22/07/2016,
96328,,495024,,SERVIZI IM.PR.ESA S.R.L.,,Società a responsabilità limitata,"Via Altinia, 211/V",Venezia,VE,Elaborazione elettronica di dati contabili (esclusi i Centri di assistenza fiscale - Caf),,compreso tra 250.000 e 2.000.000,compreso tra 11 e 50,Azionista,,24.0
96414,,501741,,RAMMENDATURA DI VALDENGO S.R.L.,,Società a responsabilità limitata,"Via Liberta', 41",Valdengo,BI,"Finissaggio dei tessili, degli articoli di vestiario e attività similari",Abbigliamento,compreso tra 250.000 e 2.000.000,compreso tra 11 e 50,Amministratore unico,26/09/2011,
96415,,501741,,RAMMENDATURA R.P.S.R.L.,,Società a responsabilità limitata,"Via Eroi D'Africa, 52",Valdengo,BI,"Finissaggio dei tessili, degli articoli di vestiario e attività similari",Abbigliamento,compreso tra 250.000 e 2.000.000,compreso tra 11 e 50,Amministratore unico,27/09/2004,
96414,,501741,,RAMMENDATURA DI VALDENGO S.R.L.,,Società a responsabilità limitata,"Via Liberta', 41",Valdengo,BI,"Finissaggio dei tessili, degli articoli di vestiario e attività similari",Abbigliamento,compreso tra 250.000 e 2.000.000,compreso tra 11 e 50,Azionista,,93.0
96415,,501741,,RAMMENDATURA R.P.S.R.L.,,Società a responsabilità limitata,"Via Eroi D'Africa, 52",Valdengo,BI,"Finissaggio dei tessili, degli articoli di vestiario e attività similari",Abbigliamento,compreso tra 250.000 e 2.000.000,compreso tra 11 e 50,Azionista,,70.0
96395,,494826,,ATENA IMPRESA SOCIALE S.R.L.,,Società a responsabilità limitata,"Via Andrea Appiani, 1",Monza,MB,Istruzione secondaria di secondo grado di formazione generale: licei,,compreso tra 250.000 e 2.000.000,compreso tra 11 e 50,Consigliere,07/07/2015,
96395,,494826,,ATENA IMPRESA SOCIALE S.R.L.,,Società a responsabilità limitata,"Via Andrea Appiani, 1",Monza,MB,Istruzione secondaria di secondo grado di formazione generale: licei,,compreso tra 250.000 e 2.000.000,compreso tra 11 e 50,Presidente del consiglio di amministrazione,07/07/2015,
96395,,494826,,ATENA IMPRESA SOCIALE S.R.L.,,Società a responsabilità limitata,"Via Andrea Appiani, 1",Monza,MB,Istruzione secondaria di secondo grado di formazione generale: licei,,compreso tra 250.000 e 2.000.000,compreso tra 11 e 50,Azionista,,50.0
96375,,764425,,LEGATORIA TOFFANIN S.R.L.,,Società a responsabilità limitata,"Viale Della Regione Veneto, 12",Padova,PD,Legatoria e servizi connessi,,compreso tra 250.000 e 2.000.000,compreso tra 11 e 50,Consigliere,15/12/2008,
96375,,764425,,LEGATORIA TOFFANIN S.R.L.,,Società a responsabilità limitata,"Viale Della Regione Veneto, 12",Padova,PD,Legatoria e servizi connessi,,compreso tra 250.000 e 2.000.000,compreso tra 11 e 50,Azionista,,25.0
1670,,549300,,EXPLORA S.C.P.A.,,Società consortile,"Via Fabio Filzi, 22",Milano,MI,Pubbliche relazioni e comunicazione,Comunicazione,compreso tra 250.000 e 2.000.000,compreso tra 11 e 50,Sindaco effettivo,09/05/2016,
96551,,494954,,GHE SEM S.R.L.,,Società a responsabilità limitata,"Via Vincenzo Monti, 26",Milano,MI,Ristorazione con somministrazione,Ristorazione,compreso tra 250.000 e 2.000.000,compreso tra 11 e 50,Azionista,,10.0
96440,,501176,,LA CAMPANA S.R.L.,,Società a responsabilità limitata,"Vicolo Della Campana, 18",Roma,RM,Ristorazione con somministrazione,Ristorazione,compreso tra 250.000 e 2.000.000,compreso tra 11 e 50,Azionista,,37.5
96557,,819027,,TENUTA SAN MAURIZIO S.R.L.,,Società a responsabilità limitata con un unico socio,"Localita' San Maurizio, 39",Santo Stefano Belbo,CN,Ristorazione con somministrazione,Ristorazione,compreso tra 250.000 e 2.000.000,compreso tra 11 e 50,Consigliere,06/05/2019,
96378,,819562,,ZUMA S.R.L.,,Società a responsabilità limitata,"Viale Regina Margherita, 30",Viareggio,LU,Ristorazione con somministrazione,Ristorazione,compreso tra 250.000 e 2.000.000,compreso tra 11 e 50,Socio,01/09/2010,
96378,,819562,,ZUMA S.R.L.,,Società a responsabilità limitata,"Viale Regina Margherita, 30",Viareggio,LU,Ristorazione con somministrazione,Ristorazione,compreso tra 250.000 e 2.000.000,compreso tra 11 e 50,Azionista,,100.0
96482,,822179,,FULL RESIDENCE S.R.L.,,Società a responsabilità limitata,"Via Carlo Viola, 71/D",Pont-Saint-Martin,AO,Ristorazione con somministrazione,Ristorazione,compreso tra 250.000 e 2.000.000,compreso tra 11 e 50,Azionista,,20.0
96550,,822193,,IL GUFO SOCIETA' COOPERATIVA,,Società cooperativa diversa,"Via Principe Di Granatelli, 30",Palermo,PA,Ristorazione con somministrazione,Ristorazione,compreso tra 250.000 e 2.000.000,compreso tra 11 e 50,Consigliere,30/04/1998,
83686,,603942,,F.LLI SAVIANE DI POMPEO SRL,,Società a responsabilità limitata,"Viale Alpago, 169",Alpago,BL,Taglio e piallatura del legno,,compreso tra 250.000 e 2.000.000,compreso tra 11 e 50,Azionista,,7.33
96525,,494197,,AL BENVENUTO DI TONDO RENZO E C. S.A.S.,,Società in accomandita semplice,"Via Grialba, 9",Tolmezzo,UD,Alberghi,Turismo,dato non disponibile,compreso tra 11 e 50,Socio accomandatario,08/02/1989,
89966,,819521,,SOCIETA' PER AMMINISTRAZIONI FIDUCIARIE SPAFID SOCIETA' PER AZIONI,,Società per azioni,"Via Filodrammatici, 10",Milano,MI,Attività delle società fiduciarie di amministrazione,Finanziario,dato non disponibile,compreso tra 11 e 50,Consigliere,19/10/2009,
96391,,819204,,SOCIETA' AGRICOLA F.LLI CASSESE S.S.,,Società semplice,"Via Achille Grandi, 11",Grottaglie,TA,Coltivazioni agricole associate all'allevamento di animali: attività mista,Agroalimentare,dato non disponibile,compreso tra 11 e 50,Socio,20/03/2018,
96381,,819562,,ZUCCONI RICCARDO,,Impresa individuale non agricola,"Viale Guglielmo Marconi, 62",Viareggio,LU,Commercio al dettaglio di generi di monopolio (tabaccherie),,dato non disponibile,compreso tra 11 e 50,Titolare,24/09/1997,
96290,,819614,,RACCORDERIA PIACENTINA DI PISANI PIETRO & C. S.N.C.,,Società in nome collettivo,"Via Matera, 24",Rottofreno,PC,Lavori di meccanica generale,Meccanica,dato non disponibile,compreso tra 11 e 50,Amministratore,23/05/1979,
96517,,822245,,BINGO OSTIA - SOCIETA' A RESPONSABILITA' LIMITATA,,Società a responsabilità limitata,"Via Giustino Fortunato, 54",Belvedere Marittimo,CS,Altre attività connesse con le lotterie e le scommesse,,minore di/uguale a 250.000,compreso tra 11 e 50,Azionista,,1.0
96322,,819316,,H14 S.P.A.,,Società per azioni,"Via Fatebenefratelli, 5",Milano,MI,Attività delle holding impegnate nelle attività gestionali (holding operative),Finanziario,minore di/uguale a 250.000,compreso tra 11 e 50,Sindaco effettivo,29/04/2019,
96388,,819594,,M&M ZENTRUM GROUP S.R.L.,,Società a responsabilità limitata,"Lungomare Papa Giovanni XXIII, 22",Pescara,PE,Commercio all'ingrosso e al dettaglio di autovetture e di autoveicoli leggeri,,minore di/uguale a 250.000,compreso tra 11 e 50,Azionista,,5.0
96312,,822351,,QUARANTUNO GESTIONI IMMOBILIARI S.R.L.,,Società a responsabilità limitata,"Via Benvenuto Cellini, 32",Portici,NA,Compravendita di beni immobili effettuata su beni propri,Immobiliare,minore di/uguale a 250.000,compreso tra 11 e 50,Amministratore unico,18/01/2006,
96312,,822351,,QUARANTUNO GESTIONI IMMOBILIARI S.R.L.,,Società a responsabilità limitata,"Via Benvenuto Cellini, 32",Portici,NA,Compravendita di beni immobili effettuata su beni propri,Immobiliare,minore di/uguale a 250.000,compreso tra 11 e 50,Azionista,,50.0
96293,,496869,,SECOLO D'ITALIA S.R.L.,,Società a responsabilità limitata con un unico socio,"Via Della Scrofa, 39",Roma,RM,Edizione di quotidiani,Editoria,minore di/uguale a 250.000,compreso tra 11 e 50,Azionista,,100.0
96439,,496395,,EGIDA - SOCIETA' COOPERATIVA SOCIALE,,Società cooperativa diversa,"Via Alessandro Manzoni, 1",Vercelli,VC,Servizi di vigilanza privata,,minore di/uguale a 250.000,compreso tra 11 e 50,Consigliere,18/04/2018,
96331,,494565,,ITALIA CONSULT CHEMICALS S.P.A.,,Società per azioni,"Piazza Duca D'Aosta, 12",Milano,MI,Commercio all'ingrosso di prodotti chimici,,compreso tra 10.000.000 e 50.000.000,compreso tra 3 e 10,Azionista,,10.0
96366,,542387,,BONIARDI GRAFICHE SRL,,Società a responsabilità limitata,"Via Giordano Bruno, 5",Milano,MI,Altra stampa,,compreso tra 2.000.000 e 10.000.000,compreso tra 3 e 10,Consigliere,15/02/2005,
96366,,542387,,BONIARDI GRAFICHE SRL,,Società a responsabilità limitata,"Via Giordano Bruno, 5",Milano,MI,Altra stampa,,compreso tra 2.000.000 e 10.000.000,compreso tra 3 e 10,Azionista,,25.0
96442,,504545,,VISIBILIA S.R.L.,,Società a responsabilità limitata,"Via Pompeo Litta, 9",Milano,MI,Attività delle concessionarie e degli altri intermediari di servizi pubblicitari,,compreso tra 2.000.000 e 10.000.000,compreso tra 3 e 10,Amministratore unico,23/01/2012,
96442,,504545,,VISIBILIA S.R.L.,,Società a responsabilità limitata,"Via Pompeo Litta, 9",Milano,MI,Attività delle concessionarie e degli altri intermediari di servizi pubblicitari,,compreso tra 2.000.000 e 10.000.000,compreso tra 3 e 10,Azionista,,57.92
96558,,498646,,PLUSPETROL SRL,,Società a responsabilità limitata,"Via Pietrasanta, 12",Milano,MI,Commercio al dettaglio di carburante per autotrazione,Petrolio,compreso tra 2.000.000 e 10.000.000,compreso tra 3 e 10,Amministratore unico,21/03/1991,
96558,,498646,,PLUSPETROL SRL,,Società a responsabilità limitata,"Via Pietrasanta, 12",Milano,MI,Commercio al dettaglio di carburante per autotrazione,Petrolio,compreso tra 2.000.000 e 10.000.000,compreso tra 3 e 10,Azionista,,70.0
96483,,541847,,TECNOLOOK S.R.L.,,Società a responsabilità limitata,"Via Cal Lusent, 51",Pederobba,TV,"Commercio all'ingrosso di altre macchine ed attrezzature per l'industria, il commercio e la navigazione nca",,compreso tra 2.000.000 e 10.000.000,compreso tra 3 e 10,Consigliere,28/08/2017,
96483,,541847,,TECNOLOOK S.R.L.,,Società a responsabilità limitata,"Via Cal Lusent, 51",Pederobba,TV,"Commercio all'ingrosso di altre macchine ed attrezzature per l'industria, il commercio e la navigazione nca",,compreso tra 2.000.000 e 10.000.000,compreso tra 3 e 10,Azionista,,33.33
96444,,504545,,VISIBILIA EDITORE S.P.A.,,Società per azioni,"Via Pompeo Litta, 9",Milano,MI,Edizione di riviste e periodici,Editoria,compreso tra 2.000.000 e 10.000.000,compreso tra 3 e 10,Amministratore delegato,28/07/2017,
96444,,504545,,VISIBILIA EDITORE S.P.A.,,Società per azioni,"Via Pompeo Litta, 9",Milano,MI,Edizione di riviste e periodici,Editoria,compreso tra 2.000.000 e 10.000.000,compreso tra 3 e 10,Consigliere,11/11/2014,
96444,,504545,,VISIBILIA EDITORE S.P.A.,,Società per azioni,"Via Pompeo Litta, 9",Milano,MI,Edizione di riviste e periodici,Editoria,compreso tra 2.000.000 e 10.000.000,compreso tra 3 e 10,Presidente del consiglio di amministrazione,12/02/2016,
96292,,822357,,LEGA PALLAVOLO SERIE A,,Società consortile,"Via Giuseppe Rivani, 6",Bologna,BO,"Enti e organizzazioni sportive, promozione di eventi sportivi",Sport,compreso tra 2.000.000 e 10.000.000,compreso tra 3 e 10,Presidente del consiglio di amministrazione,20/07/2016,
96509,,546305,,SBAMET S.R.L.,,Società a responsabilità limitata,"Viale Galileo Ferraris, 13/1",Bruino,TO,"Fabbricazione di lastre, fogli, tubi e profilati in materie plastiche",,compreso tra 2.000.000 e 10.000.000,compreso tra 3 e 10,Amministratore,01/02/2010,
96509,,546305,,SBAMET S.R.L.,,Società a responsabilità limitata,"Viale Galileo Ferraris, 13/1",Bruino,TO,"Fabbricazione di lastre, fogli, tubi e profilati in materie plastiche",,compreso tra 2.000.000 e 10.000.000,compreso tra 3 e 10,Azionista,,49.0
96522,,519118,,TCI ELETTROMECCANICA - S.R.L.,,Società a responsabilità limitata,"Via Antonio Parma, 14",Saronno,VA,"Fabbricazione di motori, generatori e trasformatori elettrici",Motori,compreso tra 2.000.000 e 10.000.000,compreso tra 3 e 10,Amministratore unico,02/04/2010,
32901,,549300,,FARMACIA COMUNALE DI VITTUONE S.R.L.,,Società a responsabilità limitata,"Strada 227, 227",Vittuone,MI,Farmacie,Farmaceutica,compreso tra 2.000.000 e 10.000.000,compreso tra 3 e 10,Sindaco supplente,29/06/2017,
96382,,494213,,BIASOTTI GROUP S.R.L.,,Società a responsabilità limitata,"Via Di Francia, 34/R",Genova,GE,Locazione immobiliare di beni propri o in leasing (affitto),Immobiliare,compreso tra 2.000.000 e 10.000.000,compreso tra 3 e 10,Consigliere,25/09/2008,
96382,,494213,,BIASOTTI GROUP S.R.L.,,Società a responsabilità limitata,"Via Di Francia, 34/R",Genova,GE,Locazione immobiliare di beni propri o in leasing (affitto),Immobiliare,compreso tra 2.000.000 e 10.000.000,compreso tra 3 e 10,Azionista,,49.62
96454,,822219,,FINAUTO S.P.A.,,Società per azioni,"Via Traversa Pistoiese, 12/Q",Prato,PO,Noleggio di autovetture ed autoveicoli leggeri,,compreso tra 2.000.000 e 10.000.000,compreso tra 3 e 10,Azionista,,1.0
96311,,822351,,AGIELLE CONSULTING SOCIETA' A RESPONSABILITA' LIMITATA,,Società a responsabilità limitata,"Via San Giacomo, 32",Napoli,NA,Agenti di assicurazioni,Assicurazioni,compreso tra 250.000 e 2.000.000,compreso tra 3 e 10,Amministratore unico,29/06/2009,
96311,,822351,,AGIELLE CONSULTING SOCIETA' A RESPONSABILITA' LIMITATA,,Società a responsabilità limitata,"Via San Giacomo, 32",Napoli,NA,Agenti di assicurazioni,Assicurazioni,compreso tra 250.000 e 2.000.000,compreso tra 3 e 10,Azionista,,95.0
96398,,494826,,HOTEL CRISTALLO S.R.L.,,Società a responsabilità limitata,"Via Giovannina Bulferi,7 ",Ponte di Legno,BS,Alberghi,Turismo,compreso tra 250.000 e 2.000.000,compreso tra 3 e 10,Amministratore delegato,26/01/2015,
96398,,494826,,HOTEL CRISTALLO S.R.L.,,Società a responsabilità limitata,"Via Giovannina Bulferi,7 ",Ponte di Legno,BS,Alberghi,Turismo,compreso tra 250.000 e 2.000.000,compreso tra 3 e 10,Consigliere,22/01/2015,
96398,,494826,,HOTEL CRISTALLO S.R.L.,,Società a responsabilità limitata,"Via Giovannina Bulferi,7 ",Ponte di Legno,BS,Alberghi,Turismo,compreso tra 250.000 e 2.000.000,compreso tra 3 e 10,Presidente del consiglio di amministrazione,22/01/2015,
96470,,819575,,"CONSORZIO REMEDIA - SOCIETA' COOPERATIVA IN BREVE ""CONSORZIO REMEDIA S.C.""",,Società cooperativa diversa,"Via Pratobello, 51",Lipomo,CO,Assistenza sociale non residenziale per anziani e disabili,Sociale,compreso tra 250.000 e 2.000.000,compreso tra 3 e 10,Consigliere,08/06/2015,
96411,,818987,,PREMIER SERVICE - SRL,,Società a responsabilità limitata,"Via Francesco Gentile, 135",Roma,RM,Attività dei call center,,compreso tra 250.000 e 2.000.000,compreso tra 3 e 10,Azionista,,70.0
25564,,549300,,AZIENDA SERVIZI MORTARA S.P.A. IN FORMA ABBREVIATA A.S.MORTARA S.P.A.,,Società per azioni,"Via Tiziano Vecellio, 540",Mortara,PV,Attività delle holding impegnate nelle attività gestionali (holding operative),Finanziario,compreso tra 250.000 e 2.000.000,compreso tra 3 e 10,Sindaco supplente,04/09/2017,
96435,,819521,,"CENTRO STUDI FRATELLI BRANCA S.R.L. IN FORMA ABBREVIATA ""C.S.B. S.R.L."" O ""CENTRO STUDI BRANCA S.R.L.""",,Società a responsabilità limitata,"Via Resegone, 2",Milano,MI,Attività delle holding impegnate nelle attività gestionali (holding operative),Finanziario,compreso tra 250.000 e 2.000.000,compreso tra 3 e 10,Consigliere,27/12/2007,
96435,,819521,,"CENTRO STUDI FRATELLI BRANCA S.R.L. IN FORMA ABBREVIATA ""C.S.B. S.R.L."" O ""CENTRO STUDI BRANCA S.R.L.""",,Società a responsabilità limitata,"Via Resegone, 2",Milano,MI,Attività delle holding impegnate nelle attività gestionali (holding operative),Finanziario,compreso tra 250.000 e 2.000.000,compreso tra 3 e 10,Presidente del consiglio di amministrazione,30/04/2013,
96547,,822312,,OMNIAHOLDING S.P.A.,,Società per azioni,"Via Giovanni Marangoni, 1/E",Mantova,MI,Attività delle holding impegnate nelle attività gestionali (holding operative),Finanziario,compreso tra 250.000 e 2.000.000,compreso tra 3 e 10,Azionista,,19.78
96547,,822312,,OMNIAHOLDING S.P.A.,,Società per azioni,"Via Giovanni Marangoni, 1/E",Mantova,MN,Attività delle holding impegnate nelle attività gestionali (holding operative),Finanziario,compreso tra 250.000 e 2.000.000,compreso tra 3 e 10,Amministratore delegato,24/10/1998,
96547,,822312,,OMNIAHOLDING S.P.A.,,Società per azioni,"Via Giovanni Marangoni, 1/E",Mantova,MN,Attività delle holding impegnate nelle attività gestionali (holding operative),Finanziario,compreso tra 250.000 e 2.000.000,compreso tra 3 e 10,Consigliere,14/09/1998,
96547,,822312,,OMNIAHOLDING S.P.A.,,Società per azioni,"Via Giovanni Marangoni, 1/E",Mantova,MN,Attività delle holding impegnate nelle attività gestionali (holding operative),Finanziario,compreso tra 250.000 e 2.000.000,compreso tra 3 e 10,Vice Presidente del consiglio di amministrazione,07/11/1998,
96302,,822285,,PROGETTARE ZEROSEI S.R.L.,,Società a responsabilità limitata,Via Antonio Gramsci,Reggio nell'Emilia,RE,ATTIVITÃ€ DI CONSULENZA GESTIONALE,,compreso tra 250.000 e 2.000.000,compreso tra 3 e 10,Consigliere,30/03/2017,
96337,,496810,,SKYLAB ENERGIA S.R.L.,,Società a responsabilità limitata,"Via Benedetto Cairoli, 4",Novara,NO,Collaudi e analisi tecniche di prodotti,,compreso tra 250.000 e 2.000.000,compreso tra 3 e 10,Azionista,,37.5
96402,,818984,,LA CORSA SOCIETA' AGRICOLA S.R.L.,,Società a responsabilità limitata,"Strada Del Prataccione, 19",Orbetello,GR,Coltivazione di uva,Agroalimentare,compreso tra 250.000 e 2.000.000,compreso tra 3 e 10,Azionista,,50.0
96460,,751900,,MOBILIFICIO QUATTRO R-RUFA - S.R.L.,,Società a responsabilità limitata,"Localita' Sant'Angelo In Villa, SNC",Veroli,PT,Commercio al dettaglio di mobili per la casa,,compreso tra 250.000 e 2.000.000,compreso tra 3 e 10,Azionista,,16.67
96334,,495494,,PARAMETRO S.R.L.,,Società a responsabilità limitata,"Via Bernardo Blumenstihl, 71",Roma,RM,"Commercio al dettaglio di prodotti vari, mediante l'intervento di un dimostratore o di un incaricato alla vendita (porta a porta)",,compreso tra 250.000 e 2.000.000,compreso tra 3 e 10,Azionista,,50.0
96393,,502680,,IMPRESA BIANCHI COSTRUZIONI S.R.L.,,Società a responsabilità limitata,"Via Francesco Carmagnola, 13",Milano,MI,Costruzione di edifici residenziali e non residenziali,Edlizia,compreso tra 250.000 e 2.000.000,compreso tra 3 e 10,Azionista,,10.0
96433,,819351,,PROTECNA - S.R.L.,,Società a responsabilità limitata,"Viale Odescalchi, 16",Bracciano,FR,Costruzione di edifici residenziali e non residenziali,Edlizia,compreso tra 250.000 e 2.000.000,compreso tra 3 e 10,Azionista,,83.33
96365,,822247,,PROSPECTA S.R.L.,,Società a responsabilità limitata,"Via San Rocchetto, 3",Verona,VR,"EDIZIONE DI LIBRI, PERIODICI ED ALTRE ATTIVITÃ€ EDITORIALI",Editoria,compreso tra 250.000 e 2.000.000,compreso tra 3 e 10,Azionista,,56.0
96332,,505870,,NUOVA TRIESTEUFFICIO S.R.L.,,Società a responsabilità limitata,"Via Antonio Pigafetta, 1",Trieste,TS,Fabbricazione di oggetti di cancelleria,,compreso tra 250.000 e 2.000.000,compreso tra 3 e 10,Azionista,,30.0
96303,,502880,,DI.EMME S.R.L.,,Società a responsabilità limitata,"Via Del Collio, 10",San Giovanni al Natisone,UD,"Fabbricazione di sedie e sedili (esclusi quelli per aeromobili, autoveicoli, navi, treni, ufficio e negozi)",Arredo,compreso tra 250.000 e 2.000.000,compreso tra 3 e 10,Amministratore,28/09/2013,
96303,,502880,,DI.EMME S.R.L.,,Società a responsabilità limitata,"Via Del Collio, 10",San Giovanni al Natisone,UD,"Fabbricazione di sedie e sedili (esclusi quelli per aeromobili, autoveicoli, navi, treni, ufficio e negozi)",Arredo,compreso tra 250.000 e 2.000.000,compreso tra 3 e 10,Azionista,,49.0
96545,,498501,,TICINO HOLDING S.R.L.,,Società a responsabilità limitata con un unico socio,"Via Paolo Camillo Marliani, 5",Busto Arsizio,VA,Locazione immobiliare di beni propri o in leasing (affitto),Immobiliare,compreso tra 250.000 e 2.000.000,compreso tra 3 e 10,Consigliere,29/06/2009,
96545,,498501,,TICINO HOLDING S.R.L.,,Società a responsabilità limitata con un unico socio,"Via Paolo Camillo Marliani, 5",Busto Arsizio,VA,Locazione immobiliare di beni propri o in leasing (affitto),Immobiliare,compreso tra 250.000 e 2.000.000,compreso tra 3 e 10,Presidente del consiglio di amministrazione,15/07/2009,
96477,,819524,,SANT'ANDREA SOCIETA' IMMOBILIARE E DI PARTECIPAZIONE S.P.A.,,Società per azioni,"Via Alberto Franchetti, 11",Pistoia,PT,Locazione immobiliare di beni propri o in leasing (affitto),Immobiliare,compreso tra 250.000 e 2.000.000,compreso tra 3 e 10,Azionista,,11.0
96478,,819524,,GETAPP S.R.L.,,Società a responsabilità limitata,"Via Tommaso Alva Edison, 43",Pistoia,MN,Produzione di software non connesso all'edizione,Informatica,compreso tra 250.000 e 2.000.000,compreso tra 3 e 10,Azionista,,4.75
29612,,516519,,"SOCIETA' INFRASTRUTTURE ALTA VALCAMONICA S.P.A.  IN SIGLA ""S.I.A.V. S.P.A.""",,Società per azioni,"Via Fratelli Calvi, 53/I",Ponte di Legno,BS,Pubbliche relazioni e comunicazione,Comunicazione,compreso tra 250.000 e 2.000.000,compreso tra 3 e 10,Consigliere,27/02/2006,
29612,,516519,,"SOCIETA' INFRASTRUTTURE ALTA VALCAMONICA S.P.A.  IN SIGLA ""S.I.A.V. S.P.A.""",,Società per azioni,"Via Fratelli Calvi, 53/I",Ponte di Legno,BS,Pubbliche relazioni e comunicazione,Comunicazione,compreso tra 250.000 e 2.000.000,compreso tra 3 e 10,Presidente del consiglio di amministrazione,04/03/2006,
96399,,494826,,BK FOOD S.R.L.,,Società a responsabilità limitata con un unico socio,"Via Milanese, 3",Sesto San Giovanni,MI,Ristorazione con somministrazione,Ristorazione,compreso tra 250.000 e 2.000.000,compreso tra 3 e 10,Amministratore delegato,14/07/2014,
96399,,494826,,BK FOOD S.R.L.,,Società a responsabilità limitata con un unico socio,"Via Milanese, 3",Sesto San Giovanni,MI,Ristorazione con somministrazione,Ristorazione,compreso tra 250.000 e 2.000.000,compreso tra 3 e 10,Consigliere,14/07/2014,
96399,,494826,,BK FOOD S.R.L.,,Società a responsabilità limitata con un unico socio,"Via Milanese, 3",Sesto San Giovanni,MI,Ristorazione con somministrazione,Ristorazione,compreso tra 250.000 e 2.000.000,compreso tra 3 e 10,Presidente del consiglio di amministrazione,14/07/2014,
96552,,494954,,REWHITE S.R.L.,,Società a responsabilità limitata,"Via Bartolomeo Panizza, 10",Milano,MI,Ristorazione con somministrazione,Ristorazione,compreso tra 250.000 e 2.000.000,compreso tra 3 e 10,Azionista,,10.0
96379,,819562,,BROCANTE S.R.L.,,Società a responsabilità limitata,"Viale Guglielmo Marconi, 62",Viareggio,LU,Ristorazione con somministrazione,Ristorazione,compreso tra 250.000 e 2.000.000,compreso tra 3 e 10,Azionista,,99.99
96380,,819562,,"SHELL SOCIETA' A RESPONSABILITA' LIMITATA IN SIGLA ""SHELL S.R.L.""",,Società a responsabilità limitata,"Lungomare Europa, 131, 55041",Camaiore,LU,Ristorazione con somministrazione,Ristorazione,compreso tra 250.000 e 2.000.000,compreso tra 3 e 10,Azionista,,25.0
96555,,819027,,SENSI SAN MAURIZIO S.R.L.,,Società a responsabilità limitata,"Localita' San Maurizio, 39",Santo Stefano Belbo,CN,Servizi degli istituti di bellezza,Estetica,compreso tra 250.000 e 2.000.000,compreso tra 3 e 10,Amministratore unico,12/10/2015,
96377,,819207,,ONORANZE FUNEBRI LUCADEI S.R.L.,,Società a responsabilità limitata,"Via Salaria, 213",Colli del Tronto,AP,Servizi di pompe funebri e attività connesse,,compreso tra 250.000 e 2.000.000,compreso tra 3 e 10,Amministratore,07/03/2011,
96466,,819575,,ARAGON SOCIETA' COOPERATIVA SOCIALE ONLUS,,Società cooperativa diversa,"Via Luigi Dottesio, 8",Como,CO,Strutture di assistenza infermieristica residenziale per anziani,Assistenza,compreso tra 250.000 e 2.000.000,compreso tra 3 e 10,Presidente del consiglio di amministrazione,27/02/2018,
96467,,819575,,ASLAN SOCIETA' COOPERATIVA SOCIALE ONLUS,,Società cooperativa diversa,"Via Luigi Dottesio, 8",Como,CO,Strutture di assistenza infermieristica residenziale per anziani,Assistenza,compreso tra 250.000 e 2.000.000,compreso tra 3 e 10,Presidente del consiglio di amministrazione,27/02/2018,
96468,,819575,,COOPERATIVA SOCIALE AVALON ONLUS,,Società cooperativa sociale,"Via Luigi Dottesio, 8",Como,CO,"Strutture di assistenza residenziale per persone affette da ritardi mentali, disturbi mentali o che abusano di sostanze stupefacenti",Assistenza,compreso tra 250.000 e 2.000.000,compreso tra 3 e 10,Vice Presidente del consiglio di amministrazione,01/02/2018,
96353,,822340,,THERAPIA S.R.L.,,Società a responsabilità limitata,"Strada Privata Perrini, S.C.",Bitonto,BA,Studi medici specialistici e poliambulatori,Sanità,compreso tra 250.000 e 2.000.000,compreso tra 3 e 10,Azionista,,10.0
96367,,542387,,COOPERATIVA EDIFICATRICE SAN MARTINO SOCIETA' COOPERATIVA,,Società cooperativa diversa,"Via Privata Enrico Meroni, 7",Bollate,MI,Sviluppo di progetti immobiliari senza costruzione,,compreso tra 250.000 e 2.000.000,compreso tra 3 e 10,Consigliere,05/06/1998,
96357,,822316,,PIELLE ASTUCCI S.R.L.,,Società a responsabilità limitata,"Strada Cascine, 24",Quargnento,AL,Fabbricazione di altri articoli nca,,dato non disponibile,compreso tra 3 e 10,Amministratore,22/06/2018,
96357,,822316,,PIELLE ASTUCCI S.R.L.,,Società a responsabilità limitata,"Strada Cascine, 24",Quargnento,AL,Fabbricazione di altri articoli nca,,dato non disponibile,compreso tra 3 e 10,Azionista,,50.0
96447,,504670,,MANIFATTURA MARA DI DARA MAURIZIO & DARA ANDREA S.N.C.,,Società in nome collettivo,"Via Antonio Meucci, 6",Castiglione delle Stiviere,MN,Fabbricazione di articoli di calzetteria in maglia,Abbigliamento,dato non disponibile,compreso tra 3 e 10,Amministratore,30/04/1999,
96419,,819545,,WORK WEALTH S.P.A.,,Società per azioni,"Via Robert Baden Powell, SNC",Galatone,LE,Altre attività di consulenza imprenditoriale e altra consulenza amministrativo-gestionale e pianificazione aziendale,,minore di/uguale a 250.000,compreso tra 3 e 10,Presidente del collegio sindacale,30/04/2014,
96494,,494583,,STUDIO PICHETTO & ASSOCIATI S.R.L.,,Società a responsabilità limitata,"Via Giacomo Matteotti, 14",Biella,BI,"Attività degli studi commerciali, tributari e revisione contabile",,minore di/uguale a 250.000,compreso tra 3 e 10,Azionista,,51.0
96338,,496810,,CONSORZIO G.A.S. GESTIONE AMMINISTRATIVA SOCIETA',,Società consortile,"Via Benedetto Cairoli, 4",Novara,NO,ATTIVITÃ€ DI CONSULENZA GESTIONALE,,minore di/uguale a 250.000,compreso tra 3 e 10,Consigliere,22/12/2008,
96338,,496810,,CONSORZIO G.A.S. GESTIONE AMMINISTRATIVA SOCIETA',,Società consortile,"Via Benedetto Cairoli, 4",Novara,NO,ATTIVITÃ€ DI CONSULENZA GESTIONALE,,minore di/uguale a 250.000,compreso tra 3 e 10,Vice Presidente,22/12/2008,
96459,,569307,,CAPALBIOFATTORIA SOCIETA' AGRICOLA S.R.L.,,Società a responsabilità limitata,"Localita' Fontanile Dei Caprai, SNC",Capalbio,GR,"Coltivazioni miste di cereali, legumi da granella e semi oleosi",Agroalimentare,minore di/uguale a 250.000,compreso tra 3 e 10,Amministratore unico,22/12/2004,
96459,,569307,,CAPALBIOFATTORIA SOCIETA' AGRICOLA S.R.L.,,Società a responsabilità limitata,"Localita' Fontanile Dei Caprai, SNC, 58011",Capalbio,GR,"Coltivazioni miste di cereali, legumi da granella e semi oleosi",Agroalimentare,minore di/uguale a 250.000,compreso tra 3 e 10,Azionista,,20.0
96362,,536579,,MYRA HOTELS S.R.L.,,Società a responsabilità limitata,"Via Padre Eugenio Barsanti, 9",Pietrasanta,LU,Compravendita di beni immobili effettuata su beni propri,Immobiliare,minore di/uguale a 250.000,compreso tra 3 e 10,Amministratore unico,23/12/2003,
96362,,536579,,MYRA HOTELS S.R.L.,,Società a responsabilità limitata,"Via Padre Eugenio Barsanti, 9",Pietrasanta,LU,Compravendita di beni immobili effettuata su beni propri,Immobiliare,minore di/uguale a 250.000,compreso tra 3 e 10,Azionista,,75.0
96518,,822220,,"IMMOBILI URBANI E RUSTICI - I.U.R.A. S.R.L., IN LIQUIDAZIONE IN F ORMA ABBREVIATA I.U.R.A. S.R.L., IN LIQUIDAZIONE",,Società a responsabilità limitata,"Via Fratelli Porcellaga, 24/A",Brescia,BS,Compravendita di beni immobili effettuata su beni propri,Immobiliare,minore di/uguale a 250.000,compreso tra 3 e 10,Azionista,,2.42
96340,,541134,,JOB CONSULTING S.R.L.,,Società a responsabilità limitata,"Via Antenore, 2",Cittadella,PD,Elaborazione dati,,minore di/uguale a 250.000,compreso tra 3 e 10,Azionista,,35.0
96364,,506017,,EURO 93 - S.R.L.,,Società a responsabilità limitata,"Via Provinciale, 78",Forte dei Marmi,LU,Elaborazione elettronica di dati contabili (esclusi i Centri di assistenza fiscale - Caf),,minore di/uguale a 250.000,compreso tra 3 e 10,Azionista,,50.0
96473,,494879,,RIABILITI S.R.L.,,Società a responsabilità limitata,"Baluardo Alfonso La Marmora, 16",Novara,NO,Fisioterapia,,minore di/uguale a 250.000,compreso tra 3 e 10,Azionista,,10.0
96329,,495024,,EAGLE ENERGY SRL,,Società a responsabilità limitata,"Via Altinia, 211/V",Venezia,VE,Ristorazione con somministrazione,Ristorazione,minore di/uguale a 250.000,compreso tra 3 e 10,Consigliere,30/01/2017,
96329,,495024,,EAGLE ENERGY SRL,,Società a responsabilità limitata,"Via Altinia, 211/V, 30173",Venezia,VE,Ristorazione con somministrazione,Ristorazione,minore di/uguale a 250.000,compreso tra 3 e 10,Azionista,,15.0
96389,,819594,,TOULA' FOOD AND DINING GROUP S.P.A.,,Società per azioni,"Lungomare Papa Giovanni XXIII, 22",Pescara,PE,Ristorazione con somministrazione,Ristorazione,minore di/uguale a 250.000,compreso tra 3 e 10,Consigliere,03/05/2017,
96389,,819594,,TOULA' FOOD AND DINING GROUP S.P.A.,,Società per azioni,"Lungomare Papa Giovanni XXIII, 22",Pescara,PE,Ristorazione con somministrazione,Ristorazione,minore di/uguale a 250.000,compreso tra 3 e 10,Presidente del consiglio di amministrazione,03/05/2017,
96421,,494177,,MEMAR-MONTEASSEGNI S.P.A.,,Società per azioni,"Via Adolfo Tedeschi, 10/12",Reggio nell'Emilia,RE,Altre elaborazioni elettroniche di dati,,compreso tra 10.000.000 e 50.000.000,compreso tra 51 e 250,Consigliere,21/07/2016,
1761,,734906,,ASCOPIAVE S.P.A.,,Società per azioni,"Via Verizzo, 1030",Pieve di Soligo,TV,Attività delle holding impegnate nelle attività gestionali (holding operative),Finanziario,compreso tra 10.000.000 e 50.000.000,compreso tra 51 e 250,Consigliere,28/04/2011,
96496,,494583,,MASS TRADING PLUS S.R.L.,,Società per azioni,"Via Appennini, 32",Cocquio-Trevisago,VA,Commercio al dettaglio in esercizi non specializzati con prevalenza di prodotti alimentari e bevande,,compreso tra 10.000.000 e 50.000.000,compreso tra 51 e 250,Sindaco effettivo,24/06/2019,
96446,,504545,,KI GROUP HOLDING S.P.A.,,Società per azioni,"Strada Di Settimo, 399/11",Torino,TO,Commercio all'ingrosso di altri prodotti alimentari,,compreso tra 10.000.000 e 50.000.000,compreso tra 51 e 250,Consigliere,02/02/2015,
96446,,504545,,KI GROUP HOLDING S.P.A.,,Società per azioni,"Strada Di Settimo, 399/11",Torino,TO,Commercio all'ingrosso di altri prodotti alimentari,,compreso tra 10.000.000 e 50.000.000,compreso tra 51 e 250,Presidente del consiglio di amministrazione,02/02/2015,
96499,,494583,,MACHIERALDO GUSTAVO - S.P.A.,,Società per azioni,"Via Villetta Stra', 12",Cavaglià,BI,Commercio all'ingrosso di articoli in ferro e in altri metalli (ferramenta),,compreso tra 10.000.000 e 50.000.000,compreso tra 51 e 250,Sindaco supplente,03/06/2013,
96330,,495024,,COLOMBIN & FIGLIO SOCIETA' PER AZIONI,,Società per azioni,"Via Dei Cosulich, 1",Trieste,TS,Fabbricazione dei prodotti della lavorazione del sughero,,compreso tra 10.000.000 e 50.000.000,compreso tra 51 e 250,Consigliere,20/07/2018,
91381,,494450,,R.O.I. AUTOMOTIVE TECHNOLOGY S.R.L.,,Società a responsabilità limitata,"Via Cavalier Pietro Radici, 19",Cazzano Sant'Andrea,BG,Fabbricazione di altri articoli tessili tecnici ed industriali,,compreso tra 10.000.000 e 50.000.000,compreso tra 51 e 250,Sindaco effettivo,29/04/2009,
96498,,494583,,LAURETANA S.P.A.,,Società per azioni,"Localita' Santuario, 56",Graglia,BI,"Industria delle bibite analcoliche, delle acque minerali e di altre acque in bottiglia",,compreso tra 10.000.000 e 50.000.000,compreso tra 51 e 250,Sindaco supplente,28/04/2004,
96513,,822321,,SITVERBA S.R.L.,,Società a responsabilità limitata,"Via Quarantadue Martiri, 165",Verbania,VB,Installazione di impianti elettrici ed elettronici (inclusa manutenzione e riparazione),Elettronica,compreso tra 10.000.000 e 50.000.000,compreso tra 51 e 250,Revisore dei conti,11/04/2015,
96513,,822321,,SITVERBA S.R.L.,,Società a responsabilità limitata,"Via Quarantadue Martiri, 165",Verbania,VB,Installazione di impianti elettrici ed elettronici (inclusa manutenzione e riparazione),Elettronica,compreso tra 10.000.000 e 50.000.000,compreso tra 51 e 250,Sindaco effettivo,11/04/2015,
96363,,822309,,CASE DI CURA RIUNITE VILLA SERENA E NUOVA SAN FRANCESCO - S.R.L.,,Società a responsabilità limitata,"Viale Europa, 12",Foggia,FG,Ospedali e case di cura generici,Sanità,compreso tra 10.000.000 e 50.000.000,compreso tra 51 e 250,Sindaco effettivo,05/05/2015,
27581,,495022,,CENTRO VENETO SERVIZI S.P.A.,,Società per azioni,"Via Cristoforo Colombo, 29/A",Monselice,PD,"Raccolta, trattamento e fornitura di acqua",Servizi pubblici,compreso tra 10.000.000 e 50.000.000,compreso tra 51 e 250,Consigliere,20/09/2016,
27581,,495022,,CENTRO VENETO SERVIZI S.P.A.,,Società per azioni,"Via Cristoforo Colombo, 29/A",Monselice,PD,"Raccolta, trattamento e fornitura di acqua",Servizi pubblici,compreso tra 10.000.000 e 50.000.000,compreso tra 51 e 250,Presidente del consiglio di amministrazione,22/01/2018,
96408,,819350,,"MOLECULAR MEDICINE S.P.A. O IN FORMA ABBREVIATA ""MOLMED S.P.A.""",,Società per azioni,"Via Olgettina, 58",Milano,MI,Ricerca e sviluppo sperimentale nel campo delle biotecnologie,,compreso tra 10.000.000 e 50.000.000,compreso tra 51 e 250,Consigliere,15/03/2004,
96301,,536663,,CASA DI CURA MADONNA DEL RIMEDIO DI ORISTANO S.P.A. *CASA DI CURA MADONNA DEL RIMEDIO S.P.A.,,Società per azioni,"Via Giampietro Chironi, 20",Cagliari,CA,Servizi ospedalieri,Sanità,compreso tra 10.000.000 e 50.000.000,compreso tra 51 e 250,Consigliere,22/07/2010,
96400,,494826,,P.G.R. COOPERATIVA SOCIALE - ONLUS,,Società cooperativa diversa,"Via Dei Lavoratori, 133",Cinisello Balsamo,MI,Strutture di assistenza infermieristica residenziale per anziani,Strutture,compreso tra 10.000.000 e 50.000.000,compreso tra 51 e 250,Amministratore delegato,17/07/2017,
96400,,494826,,P.G.R. COOPERATIVA SOCIALE - ONLUS,,Società cooperativa diversa,"Via Dei Lavoratori, 133",Cinisello Balsamo,MI,Strutture di assistenza infermieristica residenziale per anziani,Strutture,compreso tra 10.000.000 e 50.000.000,compreso tra 51 e 250,Consigliere,17/12/2014,
96400,,494826,,P.G.R. COOPERATIVA SOCIALE - ONLUS,,Società cooperativa diversa,"Via Dei Lavoratori, 133",Cinisello Balsamo,MI,Strutture di assistenza infermieristica residenziale per anziani,Assistenza,compreso tra 10.000.000 e 50.000.000,compreso tra 51 e 250,Presidente del consiglio di amministrazione,17/12/2014,
85458,,819059,,AUTOTRASPORTI MULTIPLI ARCESE S.P.A.,,Società per azioni,"Via San Sebastian, 1",Trento,TN,Trasporto di merci su strada,,compreso tra 10.000.000 e 50.000.000,compreso tra 51 e 250,Sindaco supplente,07/05/2015,
8840,,549300,,"FERROVIE NORD MILANO AUTOSERVIZI S.P.A. O IN FORMA ABBREVIATA ""FNM AUTOSERVIZI S.P.A.""",,Società per azioni,"Piazzale Luigi Cadorna, 14",Milano,MI,Trasporto terrestre di passeggeri in aree urbane e suburbane,Trasporto,compreso tra 10.000.000 e 50.000.000,compreso tra 51 e 250,Sindaco supplente,18/04/2017,
96316,,819320,,SHANER CIOCCO S.R.L.,,Società a responsabilità limitata,Localita' Il Ciocco,Barga,LU,Alberghi,Turismo,compreso tra 2.000.000 e 10.000.000,compreso tra 51 e 250,Consigliere,12/05/2008,
96561,,822346,,HS COMPANY S.R.L.,,Società a responsabilità limitata,"Via Pietra Tonda, 20",Montemiletto,AV,Altre attività dei servizi connessi alle tecnologie dell'informatica nca,Informatica,compreso tra 2.000.000 e 10.000.000,compreso tra 51 e 250,Socio,07/09/2018,
96561,,822346,,HS COMPANY S.R.L.,,Società a responsabilità limitata,"Via Pietra Tonda, 20",Montemiletto,AV,Altre attività dei servizi connessi alle tecnologie dell'informatica nca,Informatica,compreso tra 2.000.000 e 10.000.000,compreso tra 51 e 250,Azionista,,100.0
22035,,541807,,VENETO STRADE S.P.A.,,Società per azioni,"Via Cesco Baseggio, 5",Venezia,VE,"Costruzione di strade, autostrade e piste aeroportuali",Infrastrutture,compreso tra 2.000.000 e 10.000.000,compreso tra 51 e 250,Consigliere,01/06/2011,
22035,,541807,,VENETO STRADE S.P.A.,,Società per azioni,"Via Cesco Baseggio, 5",Venezia,VE,"Costruzione di strade, autostrade e piste aeroportuali",Infrastrutture,compreso tra 2.000.000 e 10.000.000,compreso tra 51 e 250,Presidente del consiglio di amministrazione,17/06/2011,
85623,,819059,,IMPRESA MAZZOTTI ROMUALDO S.P.A.,,Società per azioni,"Localita' Ridever, 5",Borgo Lares,TN,"Costruzione di strade, autostrade e piste aeroportuali",Infrastrutture,compreso tra 2.000.000 e 10.000.000,compreso tra 51 e 250,Sindaco supplente,29/04/2016,
96396,,494826,,GRUPPO DELLA FRERA HOTEL S.R.L.,,Società a responsabilità limitata,"Via Lucio Giunio Columella, 36",Milano,MI,Locazione immobiliare di beni propri o in leasing (affitto),Immobiliare,compreso tra 2.000.000 e 10.000.000,compreso tra 51 e 250,Amministratore delegato,04/02/2015,
96396,,494826,,GRUPPO DELLA FRERA HOTEL S.R.L.,,Società a responsabilità limitata,"Via Lucio Giunio Columella, 36",Milano,MI,Locazione immobiliare di beni propri o in leasing (affitto),Immobiliare,compreso tra 2.000.000 e 10.000.000,compreso tra 51 e 250,Consigliere,19/06/2014,
96396,,494826,,GRUPPO DELLA FRERA HOTEL S.R.L.,,Società a responsabilità limitata,"Via Lucio Giunio Columella, 36",Milano,MI,Locazione immobiliare di beni propri o in leasing (affitto),Immobiliare,compreso tra 2.000.000 e 10.000.000,compreso tra 51 e 250,Presidente del consiglio di amministrazione,19/06/2014,
96396,,494826,,GRUPPO DELLA FRERA HOTEL S.R.L.,,Società a responsabilità limitata,"Via Lucio Giunio Columella, 36",Milano,MI,Locazione immobiliare di beni propri o in leasing (affitto),Immobiliare,compreso tra 2.000.000 e 10.000.000,compreso tra 51 e 250,Azionista,,40.0
96300,,536663,,CASA DI CURA S.ANTONIO - SOCIETA' PER AZIONI,,Società per azioni,"Via Giampietro Chironi, 3",Cagliari,CA,Ospedali e case di cura generici,Sanità,compreso tra 2.000.000 e 10.000.000,compreso tra 51 e 250,Consigliere,29/01/2013,
82410,,819346,,SINCON S.R.L.,,Società a responsabilità limitata,"Via Venezia Giulia, 70",Taranto,TA,Produzione di software non connesso all'edizione,Informatica,compreso tra 2.000.000 e 10.000.000,compreso tra 51 e 250,Sindaco effettivo,03/06/2013,
96335,,495494,,SE.CO.P. SRL,,Società a responsabilità limitata,"Via Panebianco, 177",Cosenza,CS,Costruzione di edifici residenziali e non residenziali,Edlizia,dato non disponibile,compreso tra 51 e 250,Azionista,,20.0
96305,,494253,,ELIA S.R.L.,,Società a responsabilità limitata,Zona Artigianale,Marrubiu,OR,Fabbricazione di altri componenti elettronici,Elettronica,dato non disponibile,compreso tra 51 e 250,Sindaco supplente,30/05/2000,
96345,,819616,,SOCIETA' COOPERATIVA AGRICOLA CONSORTILE COLLIS VENETO WINE GROUP IN BREVE COLLIS O COLLIS WINE GROUP O C.W.G.,,Società consortile,"Via Cappuccini, 6",Monteforte d'Alpone,VR,Coltivazione di uva,Agroalimentare,maggiore di 50.000.000,compreso tra 51 e 250,Consigliere,26/02/2018,
96345,,819616,,SOCIETA' COOPERATIVA AGRICOLA CONSORTILE COLLIS VENETO WINE GROUP IN BREVE COLLIS O COLLIS WINE GROUP O C.W.G.,,Società consortile,"Via Cappuccini, 6",Monteforte d'Alpone,VR,Coltivazione di uva,Agroalimentare,maggiore di 50.000.000,compreso tra 51 e 250,Presidente del consiglio di amministrazione,21/03/2018,
96383,,494213,,NOVELLI 1934 S.R.L.,,Società a responsabilità limitata,"Via Di Francia, 34/R",Genova,GE,Commercio all'ingrosso e al dettaglio di autovetture e di autoveicoli leggeri,,maggiore di 50.000.000,compreso tra 51 e 250,Azionista,,17.7
96436,,819521,,FRATELLI BRANCA DISTILLERIE S.R.L.,,Società a responsabilità limitata,"Via Broletto, 35",Milano,MI,"Distillazione, rettifica e miscelatura degli alcolici",,maggiore di 50.000.000,compreso tra 51 e 250,Consigliere,12/05/2005,
96520,,519118,,TCI - TELECOMUNICAZIONI ITALIA - S.R.L.,,Società a responsabilità limitata,"Via Antonio Parma, 14",Saronno,VA,Fabbricazione di altri componenti elettronici,Elettronica,maggiore di 50.000.000,compreso tra 51 e 250,Amministratore unico,12/12/2009,
96520,,519118,,TCI - TELECOMUNICAZIONI ITALIA - S.R.L.,,Società a responsabilità limitata,"Via Antonio Parma, 14",Saronno,VA,Fabbricazione di altri componenti elettronici,Elettronica,maggiore di 50.000.000,compreso tra 51 e 250,Azionista,,95.0
96465,,819232,,ASSOCIAZIONE CALCIO MONZA S.P.A.,,Società per azioni,"Via Ragazzi Del 99, 14",Monza,MB,Attività di club sportivi,Sport,minore di/uguale a 250.000,compreso tra 51 e 250,Amministratore delegato,28/09/2018,
96465,,819232,,ASSOCIAZIONE CALCIO MONZA S.P.A.,,Società per azioni,"Via Ragazzi Del 99, 14",Monza,MB,Attività di club sportivi,Sport,minore di/uguale a 250.000,compreso tra 51 e 250,Consigliere,28/09/2018,
96476,,819524,,AERRE IMMOBILIARE E FINANZIARIA S.P.A.,,Società per azioni,"Via Alberto Franchetti, 11",Pistoia,PT,Compravendita di beni immobili effettuata su beni propri,Immobiliare,compreso tra 2.000.000 e 10.000.000,dato non disponibile,Amministratore unico,02/11/2010,
96476,,819524,,AERRE IMMOBILIARE E FINANZIARIA S.P.A.,,Società per azioni,"Via Alberto Franchetti, 11",Pistoia,PT,Compravendita di beni immobili effettuata su beni propri,Immobiliare,compreso tra 2.000.000 e 10.000.000,dato non disponibile,Azionista,,16.67
96519,,519118,,ORIZZONTI S.R.L.,,Società a responsabilità limitata con un unico socio,"Vicolo Santa Marta, 9",Saronno,VA,Compravendita di beni immobili effettuata su beni propri,Immobiliare,compreso tra 250.000 e 2.000.000,dato non disponibile,Socio,09/05/2008,
96519,,519118,,ORIZZONTI S.R.L.,,Società a responsabilità limitata con un unico socio,"Vicolo Santa Marta, 9",Saronno,VA,Compravendita di beni immobili effettuata su beni propri,Immobiliare,compreso tra 250.000 e 2.000.000,dato non disponibile,Azionista,,100.0
16102,,822302,,"PROGETTO SVILUPPO MATESE S.R.L. IN SIGLA: ""PRO.SVI.MA. S.R.L.""",,Società a responsabilità limitata,"Piazza Roma, 1",Piedimonte Matese,CE,,,dato non disponibile,dato non disponibile,Presidente del consiglio di amministrazione,23/12/2002,
96289,,499584,,GIAP HOLDING S.P.A.,,Società per azioni,"74, KM.0,400",Modica,RG,Attività delle holding impegnate nelle attività gestionali (holding operative),Finanziario,minore di/uguale a 250.000,dato non disponibile,Azionista,,22.5
84875,,500229,,CONSORZIO PER LA VALORIZZAZIONE E LA TUTELA DEL PORRO CERVERE,,Società consortile,"Piazza Umberto, 1",Cervere,CN,Attività per la tutela di beni di produzione controllata,,minore di/uguale a 250.000,dato non disponibile,Consigliere,03/08/2005,
84875,,500229,,CONSORZIO PER LA VALORIZZAZIONE E LA TUTELA DEL PORRO CERVERE,,Società consortile,"Piazza Umberto, 1",Cervere,CN,Attività per la tutela di beni di produzione controllata,,minore di/uguale a 250.000,dato non disponibile,Presidente del consiglio di amministrazione,03/08/2005,
96336,,496810,,TECNO ANALYSIS S.R.L.,,Società a responsabilità limitata,"Via Benedetto Cairoli, 4",Novara,NO,"ATTIVITÃ€ DEGLI STUDI DI ARCHITETTURA, INGEGNERIA ED ALTRI STUDI TECNICI",,minore di/uguale a 250.000,dato non disponibile,Consigliere,24/05/2004,
96336,,496810,,TECNO ANALYSIS S.R.L.,,Società a responsabilità limitata,"Via Benedetto Cairoli, 4",Novara,NO,"ATTIVITÃ€ DEGLI STUDI DI ARCHITETTURA, INGEGNERIA ED ALTRI STUDI TECNICI",,minore di/uguale a 250.000,dato non disponibile,Azionista,,37.5
2052,,819346,,AGROMED SOCIETA' CONSORTILE A R.L.,,Società consortile,"Viale Virgilio, 152",Taranto,TA,Consulenza agraria,Agroalimentare,minore di/uguale a 250.000,dato non disponibile,Sindaco effettivo,20/12/2012,
96319,,822223,,AZZURRA IMMOBILIARE S.R.L.,,Società a responsabilità limitata,"Via Carlo Marx, SNC",Città di Castello,PG,Locazione immobiliare di beni propri o in leasing (affitto),Immobiliare,minore di/uguale a 250.000,dato non disponibile,Socio,15/02/2017,
96319,,822223,,AZZURRA IMMOBILIARE S.R.L.,,Società a responsabilità limitata,"Via Carlo Marx, SNC",Città di Castello,PG,Locazione immobiliare di beni propri o in leasing (affitto),Immobiliare,minore di/uguale a 250.000,dato non disponibile,Azionista,,100.0
93921,,819462,,IPTVNOW S.R.L.,,Società a responsabilità limitata,"Via Del Canneto, 8/A",Cagliari,CA,Telecomunicazioni fisse,Telecomunicazioni,minore di/uguale a 250.000,dato non disponibile,Consigliere,26/01/2007,
90467,,819597,,MAGNAGHI AERONAUTICA S.P.A.,,Società per azioni,"Via Galileo Ferraris, 76/80",Napoli,NA,"Fabbricazione di aeromobili, di veicoli spaziali e dei relativi dispositivi nca",,compreso tra 10.000.000 e 50.000.000,maggiore di 250,Sindaco supplente,23/04/2018,
30100,,541847,,ALTO TREVIGIANO SERVIZI S.R.L.,,Società a responsabilità limitata,"Via Schiavonesca Priula, 86",Montebelluna,TV,"Raccolta, trattamento e fornitura di acqua",Servizi pubblici,compreso tra 10.000.000 e 50.000.000,maggiore di 250,Consigliere,22/07/2016,
30100,,541847,,ALTO TREVIGIANO SERVIZI S.R.L.,,Società a responsabilità limitata,"Via Schiavonesca Priula, 86",Montebelluna,TV,"Raccolta, trattamento e fornitura di acqua",Servizi pubblici,compreso tra 10.000.000 e 50.000.000,maggiore di 250,Presidente del consiglio di amministrazione,22/07/2016,
31493,,822241,,CAFC S.P.A.,,Società per azioni,"Viale Palmanova, 192",Udine,UD,"Raccolta, trattamento e fornitura di acqua",Servizi pubblici,compreso tra 10.000.000 e 50.000.000,maggiore di 250,Consigliere,07/06/2017,
96514,,822245,,CINE BINGO - SOCIETA' PER AZIONI,,Società per azioni,"Via Palazza, 55",Belvedere Marittimo,CS,Altre attività connesse con le lotterie e le scommesse,,compreso tra 2.000.000 e 10.000.000,maggiore di 250,Consigliere,18/09/2001,
96514,,822245,,CINE BINGO - SOCIETA' PER AZIONI,,Società per azioni,"Via Palazza, 55",Belvedere Marittimo,CS,Altre attività connesse con le lotterie e le scommesse,,compreso tra 2.000.000 e 10.000.000,maggiore di 250,Presidente del consiglio di amministrazione,18/09/2001,
96514,,822245,,CINE BINGO - SOCIETA' PER AZIONI,,Società per azioni,"Via Palazza, 55",Belvedere Marittimo,CS,Altre attività connesse con le lotterie e le scommesse,,compreso tra 2.000.000 e 10.000.000,maggiore di 250,Azionista,,40.0
96458,,819059,,COOPERATIVA SOCIALE VILLA MARIA,,Società cooperativa sociale,"Via Castel Beseno, 8",Calliano,TN,Strutture di assistenza residenziale per anziani e disabili,Strutture,compreso tra 2.000.000 e 10.000.000,maggiore di 250,Sindaco supplente,15/05/2004,
80005,,822321,,"SYNDIAL SERVIZI AMBIENTALI S.P.A. O IN FORMA ABBREVIATA ""SYNDIAL S.P.A.""",,Società per azioni,"Piazza Marcello Boldrini, 1",San Donato Milanese,MI,Altre attività di risanamento e altri servizi di gestione dei rifiuti,,maggiore di 50.000.000,maggiore di 250,Sindaco supplente,15/04/2014,
96438,,819521,,ARNOLDO MONDADORI EDITORE SPA,,Società per azioni,"Via Bianca Di Savoia, 12",Milano,MI,Edizione di riviste e periodici,Editoria,maggiore di 50.000.000,maggiore di 250,Consigliere,19/04/2012,
96410,,819234,,BENELLI ARMI S.P.A.,,Società per azioni,"Via Della Stazione, 50",Urbino,PU,Fabbricazione di armi e munizioni,,maggiore di 50.000.000,maggiore di 250,Consigliere,03/05/2016,
82542,,819524,,CARTIERE CARRARA S.P.A.,,Società per azioni,"Viale Spartaco Lavagnini, 41",Firenze,FI,Fabbricazione di carta e cartone,,maggiore di 50.000.000,maggiore di 250,Azionista,,16.82
96314,,819320,,KEDRION S.P.A.,,Società per azioni,"Localita' Ai Conti, SNC",Barga,LU,Fabbricazione di medicinali ed altri preparati farmaceutici,Farmaceutica,maggiore di 50.000.000,maggiore di 250,Consigliere,28/05/2010,
80976,,822312,,PIAGGIO & C. S.P.A.,,Società per azioni,"Viale Rinaldo Piaggio, 25",Pontedera,PI,Fabbricazione di motocicli,,maggiore di 50.000.000,maggiore di 250,Consigliere,23/10/2003,
80976,,822312,,PIAGGIO & C. S.P.A.,,Società per azioni,"Viale Rinaldo Piaggio, 25",Pontedera,PI,Fabbricazione di motocicli,Motori,maggiore di 50.000.000,maggiore di 250,Vice Presidente del consiglio di amministrazione,11/06/2004,
86139,,822321,,VERSALIS S.P.A.,,Società per azioni,"Piazza Marcello Boldrini, 1",San Donato Milanese,MI,"FABBRICAZIONE DI PRODOTTI CHIMICI DI BASE, DI FERTILIZZANTI E COMPOSTI AZOTATI, DI MATERIE PLASTICHE E GOMMA SINTETICA IN FORME PRIMARIE",Chimici,maggiore di 50.000.000,maggiore di 250,Sindaco effettivo,23/04/2013,
96327,,607940,,S.I.T.E.M. - S.P.A.,,Società per azioni,"Localita' Cannaiola, SNC",Trevi,PG,"Fucinatura, imbutitura, stampaggio e profilatura dei metalli metallurgia delle polveri",Metallurgia,maggiore di 50.000.000,maggiore di 250,Consigliere,06/04/2010,
6623,,548724,,CONTARINA S.P.A.,,Società per azioni,"Via Vittorio Veneto, 6",Spresiano,TV,Raccolta di rifiuti solidi non pericolosi,,maggiore di 50.000.000,maggiore di 250,Consigliere,06/08/2016,
96387,,819594,,DYNAMIN HOLDING S.P.A.,,Società per azioni,"Via Bisceglie, 76",Milano,MI,Attività delle holding impegnate nelle attività gestionali (holding operative),Finanziario,compreso tra 2.000.000 e 10.000.000,minore di/uguale a 2,Azionista,,58.62
96307,,818990,,RP SAFE S.R.L.,,Società a responsabilità limitata,"Largo Cardinale Alfredo Ildefonso Schuster, 1",Milano,MI,"ATTIVITÃ€ DEGLI STUDI DI ARCHITETTURA, INGEGNERIA ED ALTRI STUDI TECNICI",,compreso tra 2.000.000 e 10.000.000,minore di/uguale a 2,Azionista,,99.0
96474,,549300,,FIERA PARKING - S.P.A.,,Società per azioni,"Largo Domodossola, 1",Milano,MI,Gestione di parcheggi e autorimesse,,compreso tra 2.000.000 e 10.000.000,minore di/uguale a 2,Sindaco supplente,20/11/2017,
96310,,819552,,TERRA FELICE S.R.L.,,Società a responsabilità limitata,"Via Sabaudia, 119/P",San Felice Circeo,LT,"Affittacamere per brevi soggiorni, case ed appartamenti per vacanze, bed and breakfast, residence",Turismo,compreso tra 250.000 e 2.000.000,minore di/uguale a 2,Azionista,,7.0
96324,,504345,,NEGOTIUM ASSICURAZIONI DI MORGONI MARIO E MARCANTONI GIUSEPPE S.N.C.,,Società in nome collettivo,"Via Silvio Zavatti, 10",Civitanova Marche,MC,Agenti di assicurazioni,Assicurazioni,compreso tra 250.000 e 2.000.000,minore di/uguale a 2,Socio,10/07/2017,
96324,,504345,,NEGOTIUM ASSICURAZIONI DI MORGONI MARIO E MARCANTONI GIUSEPPE S.N.C.,,Società in nome collettivo,"Via Silvio Zavatti, 10",Civitanova Marche,MC,Agenti di assicurazioni,Assicurazioni,compreso tra 250.000 e 2.000.000,minore di/uguale a 2,Azionista,,50.0
96523,,819346,,TERUS DI TURCO S.R.L.,,Società a responsabilità limitata,"Corso Umberto I, 169/B",Taranto,TA,Agenti di assicurazioni,Assicurazioni,compreso tra 250.000 e 2.000.000,minore di/uguale a 2,Azionista,,22.0
96515,,822245,,SER LUCA S.R.L.,,Società a responsabilità limitata,"Ser Luca Calabaia, SNC",Belvedere Marittimo,CS,Alberghi,Turismo,compreso tra 250.000 e 2.000.000,minore di/uguale a 2,Azionista,,30.0
96394,,494826,,GRUPPO DELLA FRERA S.P.A. O IN FORMA ABBREVIATA GDF GROUP S.P.A.,,Società per azioni,"Via Milanese, 3",Sesto San Giovanni,MI,Attività delle holding impegnate nelle attività gestionali (holding operative),Finanziario,compreso tra 250.000 e 2.000.000,minore di/uguale a 2,Consigliere,18/03/2013,
96394,,494826,,GRUPPO DELLA FRERA S.P.A. O IN FORMA ABBREVIATA GDF GROUP S.P.A.,,Società per azioni,"Via Milanese, 3",Sesto San Giovanni,MI,Attività delle holding impegnate nelle attività gestionali (holding operative),Finanziario,compreso tra 250.000 e 2.000.000,minore di/uguale a 2,Presidente del consiglio di amministrazione,18/03/2013,
96394,,494826,,GRUPPO DELLA FRERA S.P.A. O IN FORMA ABBREVIATA GDF GROUP S.P.A.,,Società per azioni,"Via Milanese, 3",Sesto San Giovanni,MI,Attività delle holding impegnate nelle attività gestionali (holding operative),Finanziario,compreso tra 250.000 e 2.000.000,minore di/uguale a 2,Azionista,,81.0
96288,,499584,,FILGEST S.R.L.,,Società a responsabilità limitata,"Strada Provinciale 74, KM.0,400",Modica,RG,Attività delle holding impegnate nelle attività gestionali (holding operative),Finanziario,compreso tra 250.000 e 2.000.000,minore di/uguale a 2,Azionista,,22.5
96445,,504545,,BIOFOOD ITALIA S.R.L.,,Società a responsabilità limitata con un unico socio,"Via Pompeo Litta, 9",Milano,MI,Attività delle holding impegnate nelle attività gestionali (holding operative),Finanziario,compreso tra 250.000 e 2.000.000,minore di/uguale a 2,Amministratore unico,29/01/2015,
96481,,819524,,MC HOTEL & RESTAURANT SRL,,Società a responsabilità limitata con un unico socio,"Via Alberto Franchetti, 11",Pistoia,PT,Bar e altri esercizi simili senza cucina,Turismo,compreso tra 250.000 e 2.000.000,minore di/uguale a 2,Amministratore unico,30/03/2010,
96361,,822214,,SOCIETA' COOPERATIVA BIOANCH'IO,,Società cooperativa diversa,"Via Francia, 17",Curtatone,MN,Commercio al dettaglio in esercizi non specializzati con prevalenza di prodotti alimentari e bevande,,compreso tra 250.000 e 2.000.000,minore di/uguale a 2,Consigliere,07/12/2011,
96546,,822303,,VISA S.R.L.,,Società a responsabilità limitata,"Via San Vincenzo, 2",San Valentino Torio,SA,Commercio all'ingrosso e al dettaglio di altri autoveicoli,,compreso tra 250.000 e 2.000.000,minore di/uguale a 2,Azionista,,90.0
96376,,553155,,AUTOBASEPARMA SOCIETA' A RESPONABILITA' LIMITATA,,Società a responsabilità limitata con un unico socio,"Via Reggio, 39/A",Parma,PR,Commercio all'ingrosso e al dettaglio di autovetture e di autoveicoli leggeri,,compreso tra 250.000 e 2.000.000,minore di/uguale a 2,Amministratore delegato,01/08/2005,
96376,,553155,,AUTOBASEPARMA SOCIETA' A RESPONABILITA' LIMITATA,,Società a responsabilità limitata con un unico socio,"Via Reggio, 39/A",Parma,PR,Commercio all'ingrosso e al dettaglio di autovetture e di autoveicoli leggeri,,compreso tra 250.000 e 2.000.000,minore di/uguale a 2,Consigliere,30/04/2005,
96376,,553155,,AUTOBASEPARMA SOCIETA' A RESPONABILITA' LIMITATA,,Società a responsabilità limitata con un unico socio,"Via Reggio, 39/A",Parma,PR,Commercio all'ingrosso e al dettaglio di autovetture e di autoveicoli leggeri,,compreso tra 250.000 e 2.000.000,minore di/uguale a 2,Socio,19/01/2011,
96376,,553155,,AUTOBASEPARMA SOCIETA' A RESPONABILITA' LIMITATA,,Società a responsabilità limitata con un unico socio,"Via Reggio, 39/A",Parma,PR,Commercio all'ingrosso e al dettaglio di autovetture e di autoveicoli leggeri,,compreso tra 250.000 e 2.000.000,minore di/uguale a 2,Azionista,,100.0
96313,,819320,,SAN QUIRICO S.R.L.,,Società a responsabilità limitata,"Localita' Ai Conti, SNC",Barga,LU,Compravendita di beni immobili effettuata su beni propri,Immobiliare,compreso tra 250.000 e 2.000.000,minore di/uguale a 2,Azionista,,76.39
96475,,819524,,CM4 S.P.A.,,Società per azioni,"Via Alberto Franchetti, 11",Pistoia,PT,Compravendita di beni immobili effettuata su beni propri,Immobiliare,compreso tra 250.000 e 2.000.000,minore di/uguale a 2,Amministratore unico,30/04/1993,
96475,,819524,,CM4 S.P.A.,,Società per azioni,"Via Alberto Franchetti, 11",Pistoia,PT,Compravendita di beni immobili effettuata su beni propri,Immobiliare,compreso tra 250.000 e 2.000.000,minore di/uguale a 2,Azionista,,33.33
96463,,819540,,TAICA S.R.L.,,Società a responsabilità limitata,"Via Del Gallitello, 55",Potenza,PZ,Compravendita di beni immobili effettuata su beni propri,Immobiliare,compreso tra 250.000 e 2.000.000,minore di/uguale a 2,Amministratore unico,20/01/2005,
96463,,819540,,TAICA S.R.L.,,Società a responsabilità limitata,"Via Del Gallitello, 55",Potenza,PZ,Compravendita di beni immobili effettuata su beni propri,Immobiliare,compreso tra 250.000 e 2.000.000,minore di/uguale a 2,Azionista,,5.0
96354,,848522,,SPEM S.R.L.,,Società a responsabilità limitata,"Corso Venezia, 61",Milano,MI,Compravendita di beni immobili effettuata su beni propri,Immobiliare,compreso tra 250.000 e 2.000.000,minore di/uguale a 2,Azionista,,15.0
96397,,494826,,GDF SYSTEM S.R.L.,,Società a responsabilità limitata,"Via Milanese, 3",Sesto San Giovanni,MI,Costruzione di edifici residenziali e non residenziali,Edlizia,compreso tra 250.000 e 2.000.000,minore di/uguale a 2,Consigliere,30/01/2018,
96397,,494826,,GDF SYSTEM S.R.L.,,Società a responsabilità limitata,"Via Milanese, 3",Sesto San Giovanni,MI,Costruzione di edifici residenziali e non residenziali,Edlizia,compreso tra 250.000 e 2.000.000,minore di/uguale a 2,Presidente del consiglio di amministrazione,06/02/2018,
96397,,494826,,GDF SYSTEM S.R.L.,,Società a responsabilità limitata,"Via Milanese, 3",Sesto San Giovanni,MI,Costruzione di edifici residenziali e non residenziali,Edlizia,compreso tra 250.000 e 2.000.000,minore di/uguale a 2,Azionista,,1.0
96401,,495860,,CASE DEL PORTO S.R.L.,,Società a responsabilità limitata,"Via Genova, 49",Olbia,SS,Costruzione di edifici residenziali e non residenziali,Edlizia,compreso tra 250.000 e 2.000.000,minore di/uguale a 2,Azionista,,6.0
96521,,519118,,KREA CONTRACT S.R.L.,,Società a responsabilità limitata,"Vicolo Santa Marta, 9",Saronno,VA,Fabbricazione di altri mobili per ufficio e negozi,Arredo,compreso tra 250.000 e 2.000.000,minore di/uguale a 2,Amministratore unico,16/04/2007,
96521,,519118,,KREA CONTRACT S.R.L.,,Società a responsabilità limitata,"Vicolo Santa Marta, 9",Saronno,VA,Fabbricazione di altri mobili per ufficio e negozi,Arredo,compreso tra 250.000 e 2.000.000,minore di/uguale a 2,Azionista,,66.67
96418,,504606,,GURUS S.R.L.,,Società a responsabilità limitata,"Via Faentina, 44",Brisighella,RA,Fabbricazione di apparecchi per la riproduzione e registrazione del suono e delle immagini,,compreso tra 250.000 e 2.000.000,minore di/uguale a 2,Amministratore,11/07/2014,
96418,,504606,,GURUS S.R.L.,,Società a responsabilità limitata,"Via Faentina, 44",Brisighella,RA,Fabbricazione di apparecchi per la riproduzione e registrazione del suono e delle immagini,,compreso tra 250.000 e 2.000.000,minore di/uguale a 2,Azionista,,20.0
96416,,819334,,EUROSPORT SOCIETA' RESPONSABILITA LIMITATA,,Società a responsabilità limitata,"Largo Paolo Mattei Gentili, 30",Roma,RM,Gestione di palestre,Sport,compreso tra 250.000 e 2.000.000,minore di/uguale a 2,Consigliere,22/09/2010,
96416,,819334,,EUROSPORT SOCIETA' RESPONSABILITA LIMITATA,,Società a responsabilità limitata,"Largo Paolo Mattei Gentili, 30",Roma,RM,Gestione di palestre,Sport,compreso tra 250.000 e 2.000.000,minore di/uguale a 2,Azionista,,12.5
96461,,751900,,IL GLOBO - S.R.L.,,Società a responsabilità limitata,"Via Armando Fabi, 177",Frosinone,FR,Locazione immobiliare di beni propri o in leasing (affitto),Immobiliare,compreso tra 250.000 e 2.000.000,minore di/uguale a 2,Azionista,,11.67
96530,,819223,,LINAS S.R.L.,,Società a responsabilità limitata,"Viale Regina Margherita, 6",Cagliari,CA,Locazione immobiliare di beni propri o in leasing (affitto),Immobiliare,compreso tra 250.000 e 2.000.000,minore di/uguale a 2,Amministratore unico,04/12/1984,
96530,,819223,,LINAS S.R.L.,,Società a responsabilità limitata,"Viale Regina Margherita, 6",Cagliari,CA,Locazione immobiliare di beni propri o in leasing (affitto),Immobiliare,compreso tra 250.000 e 2.000.000,minore di/uguale a 2,Azionista,,60.0
96318,,819320,,MAGGIO RE S.R.L. - UNIPERSONALE,,Società a responsabilità limitata con un unico socio,"Localita' Ai Conti, SNC",Barga,LU,Locazione immobiliare di beni propri o in leasing (affitto),Immobiliare,compreso tra 250.000 e 2.000.000,minore di/uguale a 2,Consigliere,15/06/2012,
96437,,819521,,BRANCA REAL ESTATE S.R.L. O IN BREVE BRANCA RE S.R.L.,,Società a responsabilità limitata,"Via Broletto, 35",Milano,MI,Locazione immobiliare di beni propri o in leasing (affitto),Immobiliare,compreso tra 250.000 e 2.000.000,minore di/uguale a 2,Consigliere,04/05/2006,
96455,,536084,,BE PROUD S.R.L.,,Società a responsabilità limitata,"Galleria Delle Porte Contarine, 4",Padova,PD,Organizzazione di convegni e fiere,Comunicazione,compreso tra 250.000 e 2.000.000,minore di/uguale a 2,Amministratore unico,09/04/2015,
96455,,536084,,BE PROUD S.R.L.,,Società a responsabilità limitata,"Galleria Delle Porte Contarine, 4",Padova,PD,Organizzazione di convegni e fiere,Comunicazione,compreso tra 250.000 e 2.000.000,minore di/uguale a 2,Azionista,,52.0
96434,,819003,,IWS ITALY WORLD SERVICES S.R.L.,,Società a responsabilità limitata,"Via Vittoria Colonna, 11",Roma,RM,Pubbliche relazioni e comunicazione,Comunicazione,compreso tra 250.000 e 2.000.000,minore di/uguale a 2,Azionista,,31.0
96339,,541134,,"STUDIO BITONCI, MENDO & ASSOCIATI S.R.L.",,Società a responsabilità limitata,"Via Antenore, 2",Cittadella,PD,"Servizi forniti da revisori contabili, periti, consulenti ed altri soggetti che svolgono attività in materia di amministrazione, contabilità e tributi",,compreso tra 250.000 e 2.000.000,minore di/uguale a 2,Azionista,,50.0
96471,,822170,,H.C. CONSULTING SRL,,Società a responsabilità limitata,"Piazza Attias, 21/C",Livorno,LI,Spedizionieri e agenzie di operazioni doganali,,compreso tra 250.000 e 2.000.000,minore di/uguale a 2,Azionista,,30.0
96559,,498646,,FIGISC SERVICE SRL,,Società a responsabilità limitata,"Piazza Giuseppe Gioachino Belli, 2",Roma,RM,Altre attività di consulenza imprenditoriale e altra consulenza amministrativo-gestionale e pianificazione aziendale,,minore di/uguale a 250.000,minore di/uguale a 2,Consigliere,17/12/2018,
96443,,504545,,SERVI.GEST SRL,,Società a responsabilità limitata,"Via Xxviii Aprile, 12",Cuneo,CN,Altre attività postali e di corriere senza obbligo di servizio universale,,minore di/uguale a 250.000,minore di/uguale a 2,Azionista,,33.0
96457,,819059,,DFM S.R.L.,,Società a responsabilità limitata,"Largo Quinto Alpini, 1",Milano,MI,Attività delle holding impegnate nelle attività gestionali (holding operative),Finanziario,minore di/uguale a 250.000,minore di/uguale a 2,Sindaco supplente,28/09/2012,
96317,,819320,,SESTANT INVESTIMENTI S.R.L.,,Società a responsabilità limitata,"Via Ovidio, 10",Roma,RM,Attività delle holding impegnate nelle attività gestionali (holding operative),Finanziario,minore di/uguale a 250.000,minore di/uguale a 2,Consigliere,12/09/2016,
96341,,819056,,"NEXTNOW SOCIETA' A RESPONSABILITA' LIMITATA IN SIGLA ""NEXTNOW S.R.L.""",,Società a responsabilità limitata,"Via Argiro, 29",Bari,BA,"ATTIVITÃ€ DEGLI STUDI DI ARCHITETTURA, INGEGNERIA ED ALTRI STUDI TECNICI",,minore di/uguale a 250.000,minore di/uguale a 2,Azionista,,33.33
96373,,819343,,MICHELA IMMOBILIARE S.R.L.,,Società a responsabilità limitata con un unico socio,"Viale Giuseppe Di Vittorio, 145",Foggia,FG,Compravendita di beni immobili effettuata su beni propri,Immobiliare,minore di/uguale a 250.000,minore di/uguale a 2,Amministratore unico,13/10/2003,
96373,,819343,,MICHELA IMMOBILIARE S.R.L.,,Società a responsabilità limitata con un unico socio,"Viale Giuseppe Di Vittorio, 145",Foggia,FG,Compravendita di beni immobili effettuata su beni propri,Immobiliare,minore di/uguale a 250.000,minore di/uguale a 2,Socio,13/10/2003,
96373,,819343,,MICHELA IMMOBILIARE S.R.L.,,Società a responsabilità limitata con un unico socio,"Viale Giuseppe Di Vittorio, 145",Foggia,FG,Compravendita di beni immobili effettuata su beni propri,Immobiliare,minore di/uguale a 250.000,minore di/uguale a 2,Azionista,,100.0
96298,,819597,,DEA S.P.A.,,Società per azioni,"Via Vittorio Emanuele Ii, 132",Casnigo,BG,Compravendita di beni immobili effettuata su beni propri,Immobiliare,minore di/uguale a 250.000,minore di/uguale a 2,Sindaco effettivo,01/07/2013,
96291,,734906,,VAL.CO.M. SRL,,Società a responsabilità limitata,"Via Giorgione, 1/A",Loria,TV,Fabbricazione di strutture metalliche e parti assemblate di strutture,,minore di/uguale a 250.000,minore di/uguale a 2,Amministratore unico,29/11/2011,
96291,,734906,,VAL.CO.M. SRL,,Società a responsabilità limitata,"Via Giorgione, 1/A",Loria,TV,Fabbricazione di strutture metalliche e parti assemblate di strutture,,minore di/uguale a 250.000,minore di/uguale a 2,Azionista,,95.0
96423,,736881,,MANTELLATE NOVE S.R.L.,,Società a responsabilità limitata,"Via Delle Mantellate, 9",Firenze,FI,"Gestione di uffici temporanei, uffici residence",,minore di/uguale a 250.000,minore di/uguale a 2,Azionista,,25.0
96526,,495279,,A. SIBILIA 1920 S.R.L.,,Società a responsabilità limitata,"Via Partenio, 33",Avellino,AV,Locazione immobiliare di beni propri o in leasing (affitto),Immobiliare,minore di/uguale a 250.000,minore di/uguale a 2,Azionista,,33.33
96441,,504545,,IMMOBILIARE DANI S.R.L.,,Società a responsabilità limitata con un unico socio,"Via Pompeo Litta, 9",Milano,MI,Locazione immobiliare di beni propri o in leasing (affitto),Immobiliare,minore di/uguale a 250.000,minore di/uguale a 2,Amministratore unico,18/04/2014,
96441,,504545,,IMMOBILIARE DANI S.R.L.,,Società a responsabilità limitata con un unico socio,"Via Pompeo Litta, 9",Milano,MI,Locazione immobiliare di beni propri o in leasing (affitto),Immobiliare,minore di/uguale a 250.000,minore di/uguale a 2,Azionista,,95.0
96490,,541583,,IMMOBILIARE ITALIANA S.R.L.,,Società a responsabilità limitata con un unico socio,"Via Della Pergola, 73",Lecco,LC,Locazione immobiliare di beni propri o in leasing (affitto),Immobiliare,minore di/uguale a 250.000,minore di/uguale a 2,Amministratore unico,27/03/2012,
96374,,818946,,GERUNDO SOCIETA A RESPONSABILITA LIMITATA,,Società a responsabilità limitata,"Via Quirino Majorana, 9",Roma,RM,Locazione immobiliare di beni propri o in leasing (affitto),Immobiliare,minore di/uguale a 250.000,minore di/uguale a 2,Azionista,,50.0
96358,,497048,,CINQUEVIE S.R.L.,,Società a responsabilità limitata,"Piazza Della Conciliazione, 5",Milano,MI,Organizzazione di convegni e fiere,Comunicazione,minore di/uguale a 250.000,minore di/uguale a 2,Azionista,,10.0
96390,,822268,,BLUE PROJECT SRL,,Società a responsabilità limitata,"Viale Europa, 73",Belluno,BL,"Posa in opera di infissi, arredi, controsoffitti, pareti mobili e simili",,minore di/uguale a 250.000,minore di/uguale a 2,Consigliere,04/02/2008,
96390,,822268,,BLUE PROJECT SRL,,Società a responsabilità limitata,"Viale Europa, 73",Belluno,BL,"Posa in opera di infissi, arredi, controsoffitti, pareti mobili e simili",,minore di/uguale a 250.000,minore di/uguale a 2,Presidente del consiglio di amministrazione,04/02/2008,
96390,,822268,,BLUE PROJECT SRL,,Società a responsabilità limitata,"Viale Europa, 73",Belluno,BL,"Posa in opera di infissi, arredi, controsoffitti, pareti mobili e simili",,minore di/uguale a 250.000,minore di/uguale a 2,Azionista,,50.0
96304,,502880,,"GRUPPO VITICULTORI DEI COLLI ORIENTALI DEL FRIULI IN CORNO DI ROSAZZO - CONSORZIO PER LA VALORIZZAZIONE DI VINI PRODOTTI NEI COMUNI RICADENTI ALL'INTERNO DELLA D.O.C. ""COLLI ORIENTALI DEL FRIULI""",,Società consortile,"Piazza XXVII Maggio, 23",Corno di Rosazzo,UD,Pubbliche relazioni e comunicazione,Comunicazione,minore di/uguale a 250.000,minore di/uguale a 2,Consigliere,26/02/2015,
